protein,batch1_group1_rep1,batch1_group1_rep2,batch1_group1_rep3,batch1_group3_rep1,batch1_group3_rep2,batch1_group3_rep3,batch2_group1_rep1,batch2_group1_rep2,batch2_group1_rep3,batch2_group2_rep1,batch2_group2_rep2,batch2_group2_rep3,batch3_group1_rep1,batch3_group1_rep2,batch3_group1_rep3,batch3_group2_rep1,batch3_group2_rep2,batch3_group2_rep3,batch3_group3_rep1,batch3_group3_rep2,batch3_group3_rep3
1,3.08966320578234,3.74587058272363,3.11017990340574,3.35606042651563,3.312884089613,3.51157764509538,3.32786676817837,3.12405051357119,3.3697394093951,6.13661771454889,5.89846537915976,6.8819998315365,3.38334889190145,3.3002619078961,3.40144488701425,6.71453129235324,6.34159341368989,6.15206736905818,3.04223336719402,3.44643914005012,3.31555239811729
2,3.06236042052662,2.9799087885634,3.17244566956851,2.81485749419016,2.65899005581992,3.05159168992994,3.15990502158997,2.86490760651783,2.91077771664249,4.90908342332234,4.41512716227775,4.8350453834581,3.07264814158764,3.32062233094153,3.29880837436819,4.47585347707764,4.37913922405257,4.37976343199482,3.04350319725742,2.73648353450979,2.76913291744521
3,6.61984255270889,6.65497329682759,6.42203562384499,6.56369050392101,6.26790795737107,6.58168204075164,6.28865627701515,6.52742939252019,6.433287674928,8.04463530272682,8.0478589085259,8.10850340643302,6.4493159089282,6.67540848077468,6.77551159217607,7.79925868997823,8.21544591390576,7.6667032759781,6.80160763614478,6.38170717060318,6.6883891846085
4,4.17629399376735,4.15821690566025,4.36022991243411,4.31471996827012,3.63354921080911,4.29047281992971,4.13438341777021,4.09150351125914,4.17111506669363,6.3975348423987,5.86920546935913,5.47153606021008,4.10998143642534,4.17781419988764,4.05682920784351,5.87597888293971,5.67823026535913,5.82663816659802,4.13457507409828,4.26244804249436,4.31348168512461
5,3.94275997435276,4.31243581972568,4.29138273152808,4.26099138408544,4.47022125209634,4.06771999201922,4.41433594744577,3.9826601552058,4.63869978102179,5.80150409726658,5.31642098836964,5.87377216028326,3.96714790766837,4.67384179527508,4.63557886811041,5.18337979745153,5.29017526039951,6.22944103464411,3.9378883866376,3.79409693258193,4.45805086081215
6,4.50596936538824,4.57521905876792,4.54197800443694,4.68275111148282,4.68910707505917,4.49302054575653,4.37651917592538,4.6065627359404,4.44206701570795,5.94692259752553,6.05487998941772,6.09459182477513,4.63795071764851,4.61391702267971,4.65027242663558,5.9565770222969,6.19673804787374,6.04526815543626,4.57937629919756,4.36985881205742,4.54236506739107
7,4.19220401128449,4.52185755941902,4.41792669421874,4.40944463737153,4.35329283223892,4.28941212481287,4.30247857729438,4.54296848040617,4.41803318573613,5.72971301180755,5.6433438058843,5.83893358992993,4.32834509667641,4.26439435187321,4.43042269950826,5.85203729023404,5.59152730423337,5.798389301321,4.39475685442081,4.3057105008392,4.25109911770982
8,2.4802373712829,2.94551355488253,2.86975502456232,2.84273395092826,2.71244892386775,2.20328794731424,2.76206499276728,2.9758205271687,2.87170821585515,3.27421023336365,3.42402867360338,3.84061815834733,2.30268616610736,2.94854465642028,2.6341947414504,3.56228162307068,3.69363956903788,3.53522234926642,2.40474415910598,2.49005751109863,2.75369618461367
9,3.63152202625237,4.11048416391132,3.96758085325599,4.37793455450476,4.24638733284471,3.77682614342195,4.0849304868822,3.92468262231868,3.96500909581188,5.89324031860662,5.44809257836069,5.76933060578702,3.77654633940551,4.12980623435849,4.33606110861961,5.67628825732204,5.68707343691494,5.5790414100413,4.08879058947014,3.69741800087302,4.22223331999116
10,5.65111564716833,5.27009932273662,5.23739257515938,5.41380045288456,5.58560435735549,5.4580556866148,5.5436828159036,5.45800952022717,5.27632561675592,6.54302901053948,6.80954929362449,6.66919159685034,5.35154681262988,5.44190471916949,5.56560463123703,6.65555432693432,6.7870296201088,6.59930838332158,5.15938015547594,5.32240591299055,5.60889948556617
11,3.01476414690018,2.77670287536053,2.51932535393446,2.19862610121448,2.20677755148273,2.3590243632262,2.68092244109344,2.02738961518574,2.7977686940894,3.95784550436444,3.11259439132548,3.68886206997647,2.75293636594327,2.45775757266105,2.79162536274762,3.38819982333044,3.77781504271093,2.97334154873802,2.89438425196742,2.50072341311507,2.15816689941621
12,2.55650301926753,2.3623892231106,2.95125500645514,2.58196816203791,3.08599409199161,2.85569310596357,2.79420614025853,2.41855686246927,2.61673634520262,4.17987797081112,4.73534873802356,3.75164262977745,2.48022576268056,2.83204242972013,2.59614301621882,3.98519365732257,4.38814415477991,4.31926833053406,2.92950844362695,2.86094613147113,2.69131746974976
13,3.74561805136468,3.39524606935017,3.53674650176828,3.17522716046549,4.08565382891801,3.7116852371926,3.45160276507068,3.47965170965374,3.74977763268299,5.08394029593973,5.07456065412471,4.96090565225164,3.25283142899886,3.43736180364155,3.56742133277848,5.09384802667099,4.86900916296102,5.58476113903136,3.79097613161376,3.88734758816763,3.50300392614585
14,3.41988665592271,3.24689397865975,3.8553018539854,3.1477819270892,3.53315903665892,2.95769202689823,3.28532346964348,3.53689848631564,3.29682708961606,5.7566434734611,5.54701309059366,5.32630152126762,3.40970798296257,3.4614510287755,3.22387411744954,5.62606864784329,5.58037077665489,5.25818074214772,3.13240642539069,3.42570824929834,3.47675651486627
15,3.1038351583292,2.8706265034439,2.93399597944174,2.49487676861202,2.7669863542407,2.64519918562481,3.12058394734448,3.11873047574927,2.8195646795824,4.41987002674243,4.42617387451264,4.28586229755576,2.82754552763979,2.669157970521,2.98530224728,4.34407656876301,4.57590165434178,4.63055806575174,2.86905405434828,2.8837284831408,2.51797136527611
16,2.45896464711289,2.6147084484478,2.46201648434387,2.83719369532166,2.14406102962543,2.38650775441718,2.48496346190411,2.67754840874541,2.80477815884003,1.21036629602905,0.848285007085708,0.793217764557546,2.53563454103909,2.83796082610656,2.7836082204467,0.552702862383453,0.983994201832095,1.08999798495866,2.48154723822998,2.18441415635688,2.32697439178331
17,3.75024568086291,3.8941517218328,3.33930683689663,3.68859431773129,3.81858370343565,3.53933858488041,3.93130480913504,3.54498754667642,3.47429016459484,1.84598246662463,1.69786358962427,1.76603069413376,3.43201758362144,3.7283130970384,3.63156852292581,1.57748552647027,1.79746162622331,1.96458324880393,3.66917669354087,3.88952018234173,3.88552794882607
18,3.30561710923795,3.73554447109627,4.27175209666803,4.02320016421854,3.96993745877563,3.67236235695962,3.56336001971827,3.96562951419995,3.51921863656538,1.79022848453602,1.59135898661986,1.38911715733591,3.49334024113802,4.16947976163209,4.01282443235949,1.15387306175202,1.32339373642351,1.36236196804567,3.85978671011593,3.56645438845106,4.18056102067306
19,3.85276768738082,3.55206179796553,3.40040316138979,3.81376313212387,3.83785448035534,4.01647505895699,4.1830155406086,3.73690743698756,3.74092993437278,1.45282801794547,1.98081755428153,1.7125766801484,3.38263999494372,3.59559794598423,3.98774121099892,2.09593459883775,2.07648832232861,1.87336972827698,3.88779717611322,3.60939460848421,3.3384039346768
20,4.3251777314595,4.00804519855061,4.30468412420829,3.94126108070043,3.69742749461945,3.8647478312283,4.07186721366842,4.13295906156623,3.93908779824855,2.5411745469146,2.81783877444693,2.73910323819643,3.99751347166971,3.89719213212342,3.80746728177586,2.75829374629838,2.71017851816927,2.94622937705092,3.864406539947,3.96642275852445,4.18085434377459
21,3.14380787553863,3.37238597497811,3.50690690930339,2.9972325116899,3.23438515166619,3.23333821108507,3.317947558574,3.32667111750774,3.1840978781784,2.55044321071926,2.41609021703406,2.58242659286941,3.47977373296221,3.40187605392232,3.17460223232255,2.20203448394191,2.71663833337121,2.26734432014382,3.11809438715633,3.15356609556849,3.14333967727154
22,4.48746514653738,4.53742705143851,4.39677273697901,4.88473840645007,4.55598111309492,4.51882139891005,4.25763529813193,4.78579144035804,4.52292491014056,2.8548769736224,2.78576660306635,2.86365466648587,4.42346303611665,4.41675290133485,4.49803173001174,2.6397015903546,2.99400195212133,3.06331490563603,4.74643531550936,4.44310936177052,4.61311826637316
23,4.27509576919288,4.42907427661948,4.26864245139966,4.21986432226932,4.1087958972495,4.3575764577943,4.24206100764398,4.31191013637399,4.41112891718886,2.91650499565106,2.89438966625911,3.16964069500626,4.75223193787726,4.19424026056212,4.3044319328882,2.83817945256032,3.08446731755038,2.91085531635165,4.10373077168949,4.1926287102523,4.27362582824677
24,2.54220869566913,2.29819722060497,2.68047743878724,2.50512319677112,2.6815505278365,2.52193431802922,2.47406514271139,2.6495997164398,2.65242645417136,1.04891810175628,0.417969997655378,0.901183324055444,2.39526664344639,2.56176858725575,2.62951206221036,0.857491931616762,0.66361383689349,1.18269636137311,2.46421047746175,2.53857066892085,2.53488133397426
25,3.49302047382176,4.0078228097333,4.05688858613327,3.71067316631002,3.66658923440815,3.74369368889844,4.17680835795371,3.87470076669481,3.9311482749544,2.17349730539376,2.15454710727607,2.17934967950525,3.64926876974201,3.6396747419292,3.9432730096513,2.45472943293145,2.38781132499941,2.18719924134007,3.76226399243687,3.82637213889256,3.64554572991283
26,7.01037639635808,6.58980374253288,6.22446339216596,6.43587851189367,6.77372512811067,6.72331039370321,6.81272517895618,6.4533420579729,6.26978391935938,4.65103355301077,4.5896913207742,4.68846232387458,6.47907414796442,7.09043986141224,6.5380340977364,4.34188437311958,4.6716903519711,4.42963169364241,6.41957333423971,6.73994794300843,6.60043896915014
27,4.43680797106083,4.24278353593244,4.43683669921852,4.68489934296667,4.40738743144016,4.56202079918661,4.81983756120516,4.32808695756716,4.16585264022299,3.08245171000351,3.22144045347434,2.81908026423306,4.61059532235012,4.45549211190753,4.19523184308989,3.35151326609582,2.86802993583339,3.22705679038249,4.49300703972042,4.50953278540692,4.45149978077887
28,2.24172141862438,2.22527480221841,2.52648464991054,2.60721734652106,2.2127628373426,2.05695949366124,2.31595476431102,2.31832697377497,2.6231937133341,1.2801544837118,1.73727479071994,1.03966334420209,2.30637798956684,2.5880916517117,2.16540442539451,1.11940287592324,1.32346142568409,1.69903469386801,2.16787714104829,2.12215878726071,2.53386218727565
29,2.95865520455318,2.87970890994551,2.81793119575947,2.55587287962316,2.92332639258719,2.33883706998914,2.67639789102903,2.64028661760298,2.83230351639625,1.17533380744215,1.15826955918453,0.990054733096039,2.76134359979554,2.74822965266818,2.87150308839751,1.24089704782969,0.810592907087053,0.765008940292079,2.8364798634459,2.61343913382399,2.7823761653135
30,6.46738110966764,6.88084816373814,6.74400540040359,6.58519199679425,6.61144983563535,6.92800693449042,6.42698697074806,6.82701427479458,6.71653624068353,4.0955300812726,4.32411398632748,4.19486261655191,6.68651323101447,6.61224323209048,6.83543737344902,4.0266079496917,4.14356671646457,4.04834778172164,6.53317375715172,6.68188299015521,6.76314176099514
31,5.16292730769843,4.76544730558721,4.8077022067799,7.22905600916596,7.4035856301646,7.08168837992873,4.8857694812908,5.02756566621294,5.03363121629803,4.90385357166814,4.54304584562553,5.08862732900358,4.63314355793142,5.21940495939247,4.84075179840722,4.80010084150362,5.02605237800408,5.01471984294442,7.23468904406565,7.29195259393065,7.12903048321283
32,5.39670972861779,5.61570800526698,5.98571135609049,7.57601148911779,7.59003897922545,7.37634935705115,5.45963221978623,5.86809108766695,5.76177214235306,5.71266051419301,5.64375181366751,5.64590208351239,6.04604119309409,5.95976400826716,5.41256939971901,5.83294837775959,5.4998046454795,5.52837248611889,7.55763630015533,7.44360682665151,7.24802296418437
33,3.79566885954951,3.79560580097306,4.04023627060261,5.23272286696185,5.37819032885129,5.48468868335638,3.77902916590843,3.7594398097629,3.87502347366482,3.75433030318704,4.02230638461014,3.86481920924361,4.06210378516128,3.63558383863766,4.05410937764409,3.541635529155,4.00330325254706,3.65485701809275,5.37834228014376,5.21053339500698,5.30351365862331
34,4.15474692005905,4.58199780147816,4.75672148835659,6.33422532774699,6.38833579759529,6.14009730285832,4.9817154601901,4.56885673811795,4.55133388404094,4.80813877809922,4.28794892163419,4.47189833236208,4.54273968985843,4.48503937644728,4.80226411534867,4.95644814691343,4.66466368547259,4.56600212823785,6.01595920274608,6.0202767584996,6.19979311472179
35,3.11810290788104,3.01467324522241,3.03986015778926,4.31164395195267,4.11016199733546,4.43585199117335,2.94809148820057,2.90916851438904,3.00641844914416,2.98854309797498,2.91607908699228,3.04051974935901,2.94602083295493,3.40042014232117,2.98390486010153,2.70395299022387,2.98673938279272,2.87702623255484,4.49704883224153,4.49162733860494,4.20183905715129
36,4.2357922574856,4.20024650721344,4.16831068388587,6.09468430537168,6.03293145289631,5.65845845279771,4.55444338665456,4.12297922923668,4.01017522827708,3.88206153960333,3.83238977077022,4.21689970619681,4.21468867359402,4.08426909989077,4.15597628576197,4.24808032552875,3.80408476922958,4.19832121273624,6.54775415995284,5.90048388481779,5.86474827649414
37,4.05150515375839,3.77249528014862,3.71740118537113,2.99531687990123,2.74819994057724,2.49240646515704,3.49280813040873,3.64524540465857,4.00108176780224,3.51748240547298,4.18067485344423,3.87828059721178,3.49931662327356,3.69481351935911,3.80860275088049,3.63870771336602,3.54173358973088,4.1272511747256,2.96917934868345,2.40005234553679,2.95107438348929
38,2.97435615239213,3.285637899409,3.45404941502014,0.916260024604298,1.21731797409322,0.77166034447225,3.25847615133598,3.40882349547319,3.30565141515582,2.99061108927594,2.78983681679755,3.29654963230878,3.14660596418344,3.25148988848504,3.35395173951339,3.07001276115362,2.9164521289936,3.47614680704043,0.945048944187615,0.869001186795647,0.904297734032272
39,4.26184861999348,4.06832714321041,3.8979199876267,3.01544479155681,2.58023843100764,2.7937877706358,3.93894238300257,4.11470695469363,4.28490496575567,3.93409056101211,3.85422020161608,4.30710349187257,3.79567907383582,4.1283983254788,4.178839762009,4.13977135293694,4.30657026278182,3.9002503312769,2.8102535710972,2.85554418026659,2.81541518554801
40,5.3798141672519,4.91294141747095,5.14799190730552,3.70883402204317,3.91524840368423,3.98320677095162,5.02496573103396,5.37760217542137,5.15600298483791,4.97754334792986,5.04022917068787,5.37995481779025,5.12907487179797,4.81162361285777,5.38014862390775,4.91168608408149,5.45495966363693,5.18498095512472,4.00107306639179,3.91390585289033,3.99003027873483
41,3.17659138800837,2.97183659499207,3.39774319271766,0.977484867987364,1.10759318467005,1.42546139807552,3.32295958747834,3.06727795917297,2.95507849900863,2.99911465307153,3.12251669250928,3.4181752810442,3.15108381997871,3.28867486580446,3.36736214710353,3.22412506085305,3.09660723209273,3.17997642309196,1.06066137036787,1.14182270800228,1.09889364095314
42,1.97057946725244,2.60489303490248,2.47304363377517,0.260093690091448,0.158556894339788,-0.227122361334961,2.31668446396253,2.17325092688514,2.22438383771472,2.33935112458123,2.34306683318241,2.43244139883715,2.3019164877697,2.32558317168261,2.71508691706075,1.81835369978371,2.30592247288593,2.30803913162529,-0.0119822665200217,-0.364514506392318,0.589915870030084
43,5.46467214692073,5.35458860253684,4.86365122245709,2.21225770469836,2.45659474589235,2.09853537721267,5.61185592701422,4.70040801304249,5.42968966749652,5.10559070189327,5.23816942106831,4.93256170135719,5.17622780458121,5.09562749130331,5.58406067603886,4.99350380077631,5.00180061067903,5.09102404619501,2.31293332461816,2.01061752475871,2.4136826534339
44,4.75684581355093,4.75189779302077,4.61511151808578,3.65400647150201,3.84937477937256,3.65654837630907,4.95101668293872,4.56246455817084,4.67671688484235,5.00131960928174,4.36116269123166,4.88919505620865,4.74895240535881,5.0779412320825,4.4953293921034,4.60981900124139,4.72571318843984,4.83134444272734,3.15525400118645,3.909851093573,3.87315203711048
45,4.38977764746868,4.69281601914133,3.92084618256882,2.26140111770822,2.74374104075612,2.14025722304396,4.40773392018621,4.78656822911061,3.87866199634561,4.46428505608796,4.69248532688817,4.43504694334384,4.10302044798468,4.40024368656903,4.5063119087259,4.38999328809376,4.37945911297664,4.65055932611925,2.48225068049368,2.53540105171206,2.47027095335101
46,3.87711336582496,3.7892134032281,3.69388742847399,1.65991329443524,1.75563671011034,1.85349023432987,3.56971680950123,3.90431760296535,3.78081443569172,3.79831685063186,3.45959675229981,3.46916217471906,3.65126556460923,3.58318975496262,3.79291208127432,3.76029486852406,3.76573693508675,3.29298598323394,1.7462737928562,2.00084926360121,1.78936412643275
47,5.11786029631627,5.16924327529994,5.06971753518214,3.03210183543988,3.43285659121423,3.27512883936994,5.30742327576651,5.09041150570984,4.87325737880419,5.2081275298906,4.81980669978475,5.1290420395914,5.22267458876976,5.10857665657499,5.3340985056324,5.04054256711484,4.83373441832354,5.12425076572256,3.07927387655733,3.16725558695032,3.32244036857327
48,4.11906413281742,4.46042705753482,4.0309425612183,2.93060430813708,2.92501019900961,2.52488198278309,4.02902501831406,4.18409580954719,4.33738430376753,4.16235883744706,4.2748994842149,4.30854581360554,4.37254844072755,4.41358761769593,4.27470063348298,4.13201671590157,4.12968155139013,4.18982367713136,2.74794974416562,2.57633708277478,2.7712973555666
49,2.43159195602943,2.61997827988599,2.42051062155415,1.1568834347964,1.95164095698986,1.64215989411125,2.96362183345962,2.0073598299802,2.30960492606006,2.39697236800552,2.341329146701,2.58552333853463,2.35474273729333,2.56764877229324,2.70963448116778,1.87667942600935,2.18820273730841,2.48994023809093,1.57240769846695,1.61829545537837,1.69183356977942
50,3.82530038714854,4.19809964612657,4.04704051457914,1.87893097194966,2.04806120976201,1.83174042295076,4.03961233731931,4.02628661866329,3.9654490518272,3.91083806022272,3.87201490229138,3.80984807722933,4.04215650102847,4.11020894043886,3.82581576943543,3.77501192538343,3.93080645978143,4.00228253109448,1.82635706971059,2.05991406077131,1.97900891614875
51,3.66691534896686,3.60486538051203,3.8400530077301,1.95249087106581,2.02570201109719,2.06960005063768,3.79145503284373,3.57481985099485,3.62058909316136,3.65870666099837,3.52652074653301,3.70147203945031,3.88373817022685,3.69903870889597,3.58332928197934,3.84419585266968,3.55600878957524,3.53972173357813,1.91716261397965,2.13986121286653,1.97580517915486
52,4.29726836740738,4.73590949584796,4.63119788346233,6.14429312700001,5.9436729837416,6.16901431720832,4.52010490781682,4.54295503093932,4.17588654216925,6.794118477217,6.43756792577092,6.64292108055346,4.74607507901441,4.4286389451837,4.64216954224911,6.43805310185147,6.95093861675938,5.92861966967379,6.16698952981423,6.01891540058254,6.31207967779728
53,4.27316436394866,4.53426277991021,4.5188467728908,6.70853983333927,6.62096295574212,6.2791895811132,4.48160595376989,4.53549800631542,4.39579579920054,6.24862521908368,6.27976178887693,6.14567067195995,4.46636115219972,4.45089391582506,4.4287632563691,6.24817000458726,5.99792060455909,6.31186508025086,6.37381000793016,6.31546444851982,6.79074779695837
54,6.13592815033888,6.0466846140032,6.1709623864237,6.95560366702841,6.59995207882471,6.94116823274996,6.37074256352213,6.27585321699238,6.01285693396668,7.52165479878102,7.68769555541435,7.25890306177831,6.09289430758618,6.12199821375326,6.18259825110211,7.60451413814319,7.63985532346521,7.62378750542182,6.68879523031446,6.61659856642528,6.93899441002152
55,2.79882438489204,3.20835866794349,3.48022119908805,4.29526805801841,4.65260732345926,4.27758094453968,2.6047301183902,3.17999264093649,3.14968984333655,6.24315339515307,6.39382062422117,6.70183608709799,3.05373422961394,3.33148774182959,2.89798664537642,6.49543048440809,5.84798994299332,6.56696495544467,4.17867232512622,4.53767222778027,4.69091106550568
56,4.88595931134325,4.83218479875002,5.2973956035498,6.20052810743708,6.31995056797782,6.44846134537677,4.83685544060366,4.58256150626554,5.12435835186964,7.31225683175735,7.42376152090469,7.52106253064283,4.68473614744385,4.92584385413508,4.99249540077441,7.41139456267805,7.34689011871486,7.19670131507991,6.42581397301582,6.49558109111597,6.4391940372511
57,4.85545811619228,5.22092637339383,5.14500832696539,7.84952037546172,7.79134610871625,7.77834978469153,5.17377639237458,4.92364186883789,4.97037861582688,6.59705463540074,6.63792027259335,7.09349858400819,4.94227649806678,5.27881046627568,4.96555456487724,6.8456512456339,6.57170232953816,6.8924939949383,7.89995622698161,7.89116613293849,7.66652511490973
58,3.42862432307005,3.63203428031452,4.0140592188839,4.63419301481005,4.82408170652196,4.69158129445847,3.74767768946761,3.62021666957215,3.79995962747139,5.76934432804674,5.6089766390765,5.33440325941915,3.71788019584455,3.37322460149138,3.55768567699227,5.72930604218531,5.5555298302443,5.78376335512112,4.52193906749622,4.84939069897048,4.93037717461751
59,3.52202997469019,3.57993448649716,3.6496650062222,5.2840024908014,5.1712212686897,4.98147333997299,3.54819129404734,3.39936818034439,3.82263015445248,4.99575390344793,4.7167273447256,4.5500723611073,3.68216930450449,3.33262261680518,3.29013872769233,4.94184042766792,4.62368083602569,5.01962403489999,5.19118942104093,5.13730907162326,5.13314586309924
60,5.13994895828084,4.95912382205628,4.73121159808056,7.0077842806893,6.99107944008543,7.01687287670167,4.83839672059485,4.82821590334252,5.03720905962383,6.50150838775832,6.41986895353383,5.96059600432619,4.85541373977277,4.99569027821241,5.07243223224314,6.12676081059446,6.29893488726488,6.12010557969802,7.15864483594874,7.10567236839266,6.9920734438007
61,4.86360837619879,5.72403269763826,5.29553169000585,6.47868668149918,6.07948009808425,6.29195108829625,5.52198436009551,5.08077007088921,5.02347945148436,6.74186817198877,6.52101316022027,6.67250851987821,5.26678150646951,5.19620098228707,5.2395374013412,6.64635166396773,6.74253358558068,6.71193628161849,6.46651967474598,6.35368238164054,6.15934177973759
62,2.93357797711841,3.07830566392812,2.62796200359468,4.13387088477533,4.15637180570568,4.0877782213734,3.00476860604687,2.68366528961732,2.67288407332935,4.43892760750499,4.26856252838781,4.56879525341449,2.96834868316314,2.65097772989404,2.96026321542323,4.25711658727033,4.40518107973705,4.36577861444564,4.31363315338609,4.19486606929334,4.06275302309656
63,5.30386682479984,4.46758435350284,5.0731877890601,6.09851914013726,6.30435241052251,6.47176200635575,5.34302130882998,4.9983275049248,4.88294817983278,6.49087283451668,6.21393476094721,6.22937078713214,5.12981956653605,4.90021908189159,5.19396155693091,6.42982385452635,6.53964437418604,6.20641001735119,5.97335580473639,6.06876132009288,6.41182691016589
64,3.47335538248201,3.79783642240831,3.70185625433924,4.63460579998215,4.50950251726715,4.42104547862656,3.49226914911455,3.39136360794477,3.66448875500861,4.71982597361388,4.76107327324252,4.67979046289822,3.66998042141357,3.67627292400566,3.57789134674525,4.53757322686283,4.82593579761417,4.3622924210462,4.96093798112315,4.66005493203459,4.4876545560626
65,4.99302501575699,4.92778078966854,4.84988578081131,6.78379693448913,6.69487070699972,6.7626879302256,4.8811376910114,5.10494262606984,4.64393291558273,7.13820807698863,7.03726733838468,7.30689688829923,4.95422031149021,5.04086288330149,5.05497073638766,7.3157683102118,7.02122808715997,6.86222871416541,6.78131919389008,6.64318847056114,6.83639121196719
66,3.58714884405088,3.88388420892554,3.6244498074405,5.38428467029088,5.37118824098398,5.11842583443828,3.73263283259099,3.86908394266957,3.45408521641279,5.57688536348945,5.84807888187064,5.43006396706785,3.85350047836538,3.59107359784579,3.749766288,5.59731672263003,5.57504670033686,5.40404342591792,5.26325234124092,5.16620933198371,5.52951918111943
67,3.96932777357225,3.74745582884366,3.81463790176856,1.7553921198735,1.78081230784518,1.87487968881925,3.91145247969158,3.82882095770981,3.98296735521905,5.28112962894697,5.61211639758361,5.520047858361,3.75391959032638,3.90486577344743,3.80500743142565,5.44879934375263,5.45193604110803,5.49360309214513,1.6342532799646,1.81764137786575,1.87061985265644
68,5.26125827958815,5.00545873432606,5.11792125084562,3.40462396520043,3.32201472756915,3.05592488620013,5.5718144157919,4.90849023010059,5.10536984139292,6.82713944419576,6.59119705643711,6.45628308532008,5.17947255201475,5.37060514235171,5.05983370632608,6.27512679070651,6.94854338582384,6.75622904246514,3.24045506077996,3.06417652412284,3.07485755864637
69,6.1752275542605,6.26081327650566,6.06187670068559,4.50742646264814,4.47530235671657,4.52379274395151,6.12141694096174,6.2325783948028,6.12959109589163,7.24030402548167,7.38484286201173,7.04485594578265,6.29158943616694,6.21430239841398,6.00030537293844,7.10887996661,7.21548508508854,7.42750376110053,4.62798275054449,4.64998544065161,4.38343803094504
70,2.91107933132817,2.7744845975109,2.94530412072644,1.16712850225237,1.06466570491145,1.53423509163016,2.76697980111279,2.70952242352025,2.9755597627843,5.15664092403566,6.09901053327293,5.56481910593924,3.13344275770932,2.84808960896294,3.01189579359961,5.39195903497538,5.32275313660483,5.40530130869148,1.35908788543804,1.05514322769582,1.32371756410327
71,3.99490223159123,4.10259912281256,3.90594640508974,1.58134632461329,1.50996914185143,1.7872508948998,3.82965112627317,4.05230633306713,4.29026168841261,5.83832730690907,5.688726987635,5.73503268396003,4.17261380217979,3.68456343455768,4.04233050999843,5.59620706916248,5.85428407659682,5.76742853377863,1.67860379837443,1.58314152683788,1.50682702138774
72,3.97908983974574,4.23126740836465,4.09153708145877,2.57335860012384,2.60022646216626,2.60873373505945,4.07885869748315,4.03521578354916,4.09178248339031,5.59783774693525,5.58720032191306,5.38901979298719,4.13490281481448,3.80426485199955,4.11229205091066,5.65296561169649,5.41416313576981,5.35987298801633,2.54157158222011,2.6346531549964,2.77382808355918
73,3.38575156699062,2.95624525980155,3.16298151554975,0.62451622008061,0.680026075645767,0.624965266505688,3.02435361517216,3.29393307568727,2.99253461993337,4.89352212858278,4.7100946457542,5.21802605441368,3.01575956561972,3.12848875112099,2.88974436249323,4.78906937318724,4.88936124401843,5.1734242466303,0.697596696105207,0.860880702969949,0.839035361935184
74,4.2046767734892,3.8534887483803,4.37214370102304,2.082321652011,2.17194497087592,2.30723643970461,4.22125746677261,4.15768931539366,4.06148964439187,6.00192295359263,6.17946690434834,5.66652721093904,4.05279675916466,4.4061664965698,4.07732221414752,6.10134912272077,5.90659245584724,5.87055409967591,2.00199169950042,2.23473522564714,2.19321692035429
75,4.17091862947837,4.13910751146362,3.97958091400058,2.53268701010721,2.44258318716473,2.37162679434565,4.04500473683404,4.11688811964422,4.12188627280659,6.79629607621859,6.33055051878887,6.43955329373061,4.16553675477755,3.98414972884727,4.05604793275175,6.4728451127939,6.39800770348516,6.67581449479573,2.46013782733218,2.50087216600255,2.60250440420788
76,4.8890422918114,4.81018125388222,4.88013017867434,3.18148128704104,3.2225947817487,3.48837437812988,4.90155175062509,4.60038393062059,4.71846208999383,5.91972373916276,6.15313788351917,6.19315814498414,4.64887800530105,4.64412287364359,4.75941118192885,5.89872137081316,6.14464553972375,6.04700148017831,3.60546320181547,3.66688603811422,3.38667770981484
77,0.859388464166559,1.1915057214171,1.34269747961535,-0.139168926444391,-0.255856409017886,-0.584457394071846,1.38701467832444,1.31858469255526,1.25116408669745,2.23107054200654,2.09138910212539,2.45436275047185,1.07599388019938,1.3070076688227,1.11614408586944,2.56410984322511,2.59661373934255,2.48187452822964,-0.904296380082764,-0.474916979342803,0.0666830382872562
78,2.64723883495106,3.09588678798428,3.21057508535156,1.33891184371883,1.75644078745661,1.3696129196745,3.18489099896877,2.85975455860394,3.25319447508283,4.27256400837936,4.21637623330636,4.64040182139672,2.96126287312985,3.21795932645603,2.94572036770928,4.59361142824379,4.3548714299628,4.45084361373306,1.29067872136509,1.59910497229691,1.38867980873969
79,2.25994224212431,2.66104427752775,3.00811084814238,1.61718652126497,0.962361106322649,1.38125428398193,3.02833748233088,2.89338158586172,2.6965207655598,3.27505508648638,3.55726860314869,3.43859240536091,2.30618994867025,3.06510425296615,2.84994209583191,3.86940105148352,3.64024636540504,3.47326344311434,1.21018546189974,1.01908086126136,0.992455830623343
80,5.08329782368508,5.15908723676279,4.84201674739207,3.04427681037624,3.014801684986,3.19328958476512,4.82237370745423,5.17818119540292,4.95895674372551,6.17952675522194,6.14605915595069,5.96013043882297,5.07392910309007,4.7491850768482,5.00320323499708,6.0406308529316,6.05436072498494,6.21861794974017,3.32318990445228,3.27405539339817,3.06303987419709
81,4.35785332950115,4.27635470144662,3.9959323690598,3.32236291795534,3.26957257389452,3.21220037948694,4.3023885321126,4.36711018438245,4.00250671895735,5.42772040799561,5.28910922436484,5.14535856612976,4.35510301311861,4.31494573114636,4.01801675508755,5.24184859905102,4.99413812120897,5.55903571582692,2.80191655124994,3.19829256082703,3.31253295246638
82,4.76701001068963,4.8111116892512,4.86929815492288,2.47382154229993,1.81468465603798,2.62754057707588,4.85506616489328,4.79022230090467,4.95121805718764,6.74944171062118,6.85015436661914,6.89414968007446,5.26027555976239,4.85157470993603,4.7559473407763,6.9333069903471,6.85012044235778,6.66854552108974,2.05130395472257,2.17795631102056,2.39198369740354
83,4.63765691300297,4.45855889501931,4.16888024230268,5.48449392470459,5.599307988746,5.00624715831181,4.50112159953298,4.26495075264455,4.40862840034881,2.97892151221188,2.86878388439282,3.08185024118405,4.56179396960642,4.52064011599324,4.28116092108803,2.80966834603377,2.88678967294612,2.9084548294376,5.51381331445702,5.21699749794361,5.3270534842158
84,4.20930633157564,4.37606872272993,4.00111443550266,5.62696766296388,5.2497386070841,5.61244529773849,4.30362287643183,4.18585169847354,4.0188627419164,0.427924207038427,0.594699374633689,0.679595502976011,4.22917452974492,4.28716509785541,4.39267473345759,0.200978505661247,0.476765377507413,0.749999785963175,5.5414304608082,5.37091379601562,5.56945498006854
85,4.43039176113529,4.51596537459358,4.5624357770029,6.66031072521787,7.21986522870438,6.94625802958537,4.82709244796945,4.39961523710768,4.65364102482807,2.68101798557534,2.84336027202194,2.90483350866699,4.28488923041403,4.69938324301895,4.49228840859956,3.07675501153211,2.91786053689321,3.1359465698579,6.73250507025337,7.19280322274954,6.58793677073892
86,6.24796940795226,6.36793813350811,6.07148959627796,7.64982823660981,7.80200348497437,7.58197387218312,6.41946062796202,6.15572736263001,6.16731050605153,4.32981796850209,4.38612710917204,4.21941900597903,6.51083816118207,6.31140612612548,6.12571228693786,4.2316840947611,4.22533486756928,4.32327184978593,7.68955661427356,7.63879142195342,7.42597796987738
87,2.55307563438782,3.17536178829059,3.04319652748766,4.53923795966013,4.61416137405782,4.79174819435327,2.99456515372096,2.85652163023583,2.63993373294012,1.41176929555233,1.0101615552403,1.1354153914514,3.0822406111779,2.71312635901877,3.06422049530745,0.919858170237298,1.07193750266263,1.08952872206395,4.54948763647211,4.70819378699867,5.0952924016222
88,4.25426123825925,4.1845261525344,4.09691010195388,6.7699747928313,6.19581995495709,6.02401778330632,4.54552891620213,4.39583408081607,4.05146154079045,2.80149273614083,2.50075189156592,1.98753005106488,4.68112523040224,4.28428738807906,4.20511924064155,2.58844582232998,2.49905633762544,2.25797346155821,6.33839100509492,5.90575219504731,6.09620045274238
89,3.01930371744923,2.83464544033155,3.1960085810284,3.87559209188439,3.50630599780377,3.99796922662396,2.99072806644987,2.96594073552964,2.64898342213124,1.47693831617197,1.75495357714678,1.63197579317685,2.76400071682933,2.71509132736504,2.78879364660167,1.23072023657102,1.55857955365209,1.94630638783933,4.13765537987958,3.97840374003918,4.28440612363387
90,4.4326954130203,4.26863654086524,3.9446692346139,6.42458688636614,6.28459868391811,6.54988542872501,4.05206664403015,4.12744665330343,4.27892345939378,2.09558077534502,1.95432411868507,1.69581030967492,4.43179610947807,4.32859759980863,4.11813131769792,1.66183934612049,2.13656258960011,1.77976300960559,6.35303686942887,6.63371429425429,6.38789265770639
91,5.97818841363341,6.45358908312731,6.17483454058004,7.58379090662116,7.65691695356183,7.68828681849136,6.13838457054312,6.44035838833003,6.20572381493273,3.50329349461527,3.57369873412822,4.00706388594706,6.32402310591101,6.20069776728504,5.90705305228803,3.84993607402522,3.57944101226764,3.78789826448777,7.36694464563168,7.90885586982466,7.65641492670294
92,4.01392036989801,4.49429185785604,4.5118541201646,6.26199387320893,6.3586868573646,6.22987597013143,4.55126089970254,4.2439067608689,4.19180749174512,2.83836395968504,2.92932803541392,3.30338891262393,4.18105605810588,4.21825302201627,4.38122506732113,3.2873166039669,3.14421805691439,2.96546858250966,6.19616763028479,6.2894857098719,6.35928487267256
93,3.44542440291492,3.52497622770821,3.59348622812358,4.67468252510671,4.63239374760577,4.77775275188128,3.56748712500352,3.44758600328902,3.4841859553264,0.941527201654928,0.768253386129907,1.02797680891963,3.42208327911568,3.52848347813858,3.4263900749595,0.949349872743349,0.915237382955488,0.922097928723692,4.66587754899663,4.90781148598149,4.74460659401809
94,5.6217221510958,5.5420835341832,5.882357105019,7.32824088861012,7.55589534618704,7.55539415768715,5.64240851244453,5.60235010944587,5.92540474270169,3.83622824836916,4.16980545962269,3.98870232300642,5.59965438170083,5.77290666680805,5.6632086714675,3.89954954260198,4.07852174439884,4.10335156048594,7.42224632676828,7.49175165704482,7.52317889725204
95,6.43390283113665,6.61249212739301,6.86957895476874,8.16932839050315,7.87595481319549,8.11083419794087,6.83736778023191,6.41099169017945,6.45689203726173,5.57125532539631,5.43436313425288,4.92412435779888,6.38761207830147,6.56693765432517,6.6073722832629,5.16760216755364,5.17808296093109,5.19247932488576,8.07003428805854,8.04173598802344,8.34099711846617
96,5.07604465966491,5.06790386127378,5.33644555527209,6.41684250072877,6.37363649517431,6.27286934449402,5.08651624248548,5.00485120785731,4.84452645421454,3.00489443900431,2.95653451077102,2.95387513903614,4.71644137624719,4.64500418709014,4.88893556775427,3.20218876829422,2.94314508676165,2.9712907110665,6.76103605392701,6.65149893323904,6.76403640687628
97,4.22371553189026,3.89131080960932,3.84787258331028,6.12358618252903,6.44831592470622,6.44568285842216,3.76035171807337,4.06898790229862,3.685095911078,1.53219753364199,1.76431151991485,1.57749041595238,3.87462086345108,3.8658937163191,4.16576340101415,1.70604141299404,1.31279920805026,1.55819034919204,6.30240800636053,6.43137977116788,6.67615752980567
98,2.82115163703608,3.1685948619698,3.01727912710581,3.98029421654086,4.25204975400941,4.11191873337465,2.95941238364508,2.76357840433255,3.08276118713826,1.89570983612256,1.7480402386957,2.03319340421779,3.08017273106177,2.76428220778132,2.9922507404405,1.72927293462479,1.62954768670022,2.02151197740521,4.11365766299989,4.15682409286481,4.24250617517292
99,3.22950581839243,3.14667072620861,3.50074463748409,1.22769088501475,1.70242690299263,1.01952802677024,3.53940567815138,3.43998471711798,3.41936302102733,1.42053098627189,1.50898473872392,0.681554108408007,3.47866917349413,3.69781131286134,3.31365721094725,0.944918660823239,1.34933657721762,1.44394836374179,1.1925524264528,0.922021238718877,0.891381065566186
100,4.74778367843131,4.96222935612981,5.02420218828348,3.1349142861899,3.11911069331075,3.3579329519864,4.58880933549931,4.95809534687404,4.79735126857276,2.75590186849114,2.62099523680756,2.80152104450316,4.74412651368448,4.79534899636435,5.11444324745548,2.74568544157193,2.51752035654095,2.33188886460195,3.12374271859273,3.2637536908037,3.40692425786446
101,4.01149207191579,4.56465862746871,4.40061118916743,3.27383645639038,2.74716626031149,2.93030649658874,4.12350703749379,4.70858233939781,3.86634677509309,1.94585896090405,2.27105075148488,2.24707027849515,4.14576852053486,4.31867608981876,4.46032677955023,2.17791285360791,2.02197484396079,1.96423111157242,3.07834863415452,2.86869646925019,3.3826569054237
102,4.66504188043546,4.94831904019601,4.83363726931407,2.98964762321564,2.88521168668961,2.66888175203394,4.88272494833189,4.85419028501049,4.62467042517046,3.33648625789493,3.50383790549728,3.22289922189241,4.734164753743,4.81908821608274,4.57337424228274,3.18059613451658,3.21945799427001,3.66988784616703,3.00801592272078,2.93712702293853,2.89420496338252
103,3.94399175698525,4.07431655134554,4.30304677250625,1.8069174854116,1.66935602975448,1.6906081339868,4.1820210071728,4.10819665110999,4.0661857010047,2.03348971933641,2.13746897403842,1.94415338061286,4.46456070908742,4.06615775337768,3.96729455744292,2.00817766992122,2.0098912369851,1.90812255185939,1.49342354348482,1.62565340814734,1.88644678195122
104,4.81424255875105,4.69874226675715,4.79935667435488,2.62916243111315,3.08095629118952,2.7858241060663,4.65568501910182,4.78333941674654,4.86720038157514,3.43371845270032,3.83115827710115,3.47771999332249,4.96463322616937,4.84003651660167,4.86559235660284,3.50163885504871,3.41678798352053,3.56685959334116,2.87855580271399,2.72848279388522,2.73202279997278
105,3.40846144387409,3.64826558888623,3.58342533557289,1.60749200308446,1.66880476417876,1.93324214122608,3.69007629136448,3.29545967203321,3.02365769368882,1.33615361144189,1.4925336151886,1.06445905105878,3.07983589105397,3.05088288494826,3.27927183959234,1.44070863438932,0.884751791381646,1.77786690394034,1.66262234336952,1.88069354801327,2.59569690975329
106,4.17043811634286,3.94779260292322,3.78293210614097,2.76665908903745,2.23108906649037,2.57742920568702,4.05722838846621,3.88214197846344,4.04728353357184,2.18083162673983,2.3350713525805,2.39794094330493,3.72121492400451,3.95280357340704,3.89287821630091,2.31677092324938,2.16842050785813,2.43888223715691,2.88333837692208,2.55527414420237,2.47902927266771
107,3.79161957243419,3.97048766966248,3.96086453431379,2.29772836590138,2.05465299259773,2.04507548075667,3.89698577492179,4.02034109115537,4.06462365613538,1.94987928160247,2.02234435644883,2.43247198632897,3.84990079385089,3.74999707746635,4.12246061620235,2.4363794433654,1.98227387051337,2.24725810437282,2.15061931498047,1.68849780131325,2.06580001156831
108,5.03046909997859,4.67763780671075,4.93114299145275,3.13635742247417,3.55110433567581,3.42802231474682,4.72888224086728,4.83031071510011,4.79858938963518,2.25814500470808,2.4252408099197,2.25078507951367,5.01100052989383,4.89891858204019,4.86878365661208,2.39186906578049,2.03991703074548,2.30041422161281,3.34365224065847,3.35478044363757,3.45625884182223
109,3.01985011113989,3.12527196417507,3.43946383116023,0.141145683441682,0.290226811229955,0.259666480659382,3.39658245634189,3.14658446022668,2.99964536820638,1.58380087152902,1.31161646475599,1.07877067797627,3.12141557793914,3.68803919688219,3.15839460208783,1.21833958370106,1.44451073463765,1.24562000205939,-0.019336672371533,0.236366939331874,0.0495624477958248
110,4.63904399625998,4.74750721524682,4.99446316621387,3.83400549449728,4.21615352116852,3.95625655887952,4.61102073954906,5.18675100065126,4.70925271670355,1.88369839730803,1.74013041141277,1.63438516845349,4.8314546873685,4.69967374337434,4.79156770583667,1.59322466066224,1.68532770557298,1.84721078355866,3.79946662415873,4.0301495593225,3.99462924251372
111,4.32295913691153,4.22365514104728,3.81195523441494,2.9562714361187,2.78157900794848,2.70005280620045,4.01759902460346,4.63017665185942,4.06017775574608,1.8728826041984,1.54838673363262,2.28565950934784,4.14954362323183,4.30144171280133,4.23403285430193,1.81705980492501,1.83162783189682,2.23755312502054,2.65234355720716,2.61370173340497,2.68617255848132
112,4.66885533341271,4.45595225770613,4.62984369755537,2.81902715347428,2.86225640050385,3.2664440723089,4.69686634742417,4.45352089895091,4.62519924526876,3.20193340802167,3.01861330483083,2.98021120152243,4.68378451389477,4.55414068110204,4.86153067470028,2.81253935392894,3.15982628301393,2.8155867092498,2.84136497250347,2.93473757559748,3.00820856534171
113,2.44461979388332,3.15127040399947,2.51466847588488,2.2744928032234,1.83873122651441,1.98723584835363,2.75416773591087,2.47043727366727,2.83580422238202,0.418654866263514,0.973882581444218,0.792329210935413,2.80681714291314,2.6310282278073,2.66361376310362,0.580718376214853,0.717018407114483,0.806090347649555,2.1436330606338,1.90357035535411,1.90223175043301
114,4.1052999559441,4.44788261935491,3.74879964823336,2.18788510844429,2.09162048642321,2.03981230352719,4.1865957680693,3.88721222649862,3.82924122465489,2.64997797670344,2.75724039667087,2.84259790310478,4.24848742822388,4.05386307654012,3.8600578662003,2.59771730480784,2.50952039710798,2.89796887488005,2.43527880088447,2.31787281780528,2.0383598513013
115,4.81148774829424,4.57863213305586,5.16389297495554,3.04203240491814,2.72145936873419,2.77145625786097,5.01852740453038,4.86042174174023,4.76317007746512,2.98529397718747,3.0118202583208,3.02143057597007,4.80353188677579,5.0344241616258,4.83800040144786,3.02093114288623,2.9138816769449,2.82053613354875,2.81526260389974,2.55415967983829,2.92582424732834
116,3.45371161461916,3.94355448768236,3.81706897985196,2.31723304042444,2.65777970346201,2.32801772630931,4.13839512046151,3.68561855680002,3.76873009315574,2.11183349787393,2.27779553286376,2.45235990125865,3.98325658049929,3.80252908292002,3.91549978146693,2.47988466646477,2.28978841654296,2.31205870818936,2.42940050088818,2.20446523046823,2.09029217263226
117,5.7282360760157,5.28589227958554,5.10005695440062,3.5198696910609,3.65800088064342,3.30075603416162,5.59847581123571,5.41448494527332,5.18223874511868,3.61724031589484,3.23946560582092,3.57297501999248,5.32097793387362,5.76378032094628,5.21096643393519,3.49640281012372,3.34013703925394,3.54493001616554,3.49104084402306,3.56826251846892,3.33494592114918
118,5.64074393759387,5.87592820457609,5.49435517165003,3.62957002710506,3.19097024425674,3.58272012230164,5.9753641329946,5.55867722398696,5.87414826057705,4.17903831117691,3.45463265118862,3.41909665248545,5.60726481013802,5.71017253984442,5.56912302076972,3.80435415321975,3.5146340134815,4.03718830840297,3.328203369709,3.62507575465412,3.38201509145339
119,6.02474648653214,6.20278047524133,6.21236617641609,5.20664623690295,5.13629749182071,5.20139386524238,6.3499097541483,6.25115803387071,6.03146660653976,4.79552655278165,4.84907914193578,4.74137835688298,6.18506520705025,6.38864521105712,6.29800963742182,4.98681163573822,4.7077270971035,4.37234681523851,5.14351552986446,5.11420990038225,5.16487356725977
120,3.01790299090471,3.21724921139999,3.3328338336268,0.875372100520391,1.03919889087463,1.36518760462993,3.50154604171653,2.95011076418429,2.6816294858912,1.41398873473022,1.74982875986023,1.63350696523026,2.89856158397193,3.1019326935733,3.35603812639073,1.47605261477971,1.1796214270062,1.78767608610177,1.26499305705925,1.04126040872848,1.23449905568628
121,3.68823053716564,3.26346203875016,2.98949743933182,1.52886537646281,1.38874313115364,1.42614678866702,3.72913412295334,3.63734440883424,3.26090382536802,1.85881312387109,1.36651090471602,2.18390026556903,3.44190283477768,3.46375012043255,3.16292878659655,2.04431707096187,2.30879141845358,1.86675597285262,1.38801863885309,1.34746660529016,0.885887798396918
122,6.48846846505545,6.42852245783114,6.53321115349608,5.04137450032134,5.32301398606735,5.35963951841832,6.31036802349599,6.54703587476952,6.49361126549824,4.30939516249255,4.12910290448998,4.26257453974323,6.38312984188946,6.49430505059597,6.64945585751645,4.3177819902255,4.076487856618,4.30158302289835,5.26556211118102,5.35343133436026,5.08312105480052
123,3.22229632128816,3.44871672583634,3.3155349898568,1.43649862186081,1.64165693505176,1.81977084619011,3.35740853703256,3.39084356763167,3.23979857937873,2.22804111462198,2.29901943684605,2.28662106651419,3.56169888773193,3.3046776126178,3.40019083511056,2.05567073003326,2.35845387372474,2.36119983495872,1.74244900429214,1.70682152862769,1.36335689461184
124,4.94756198413492,4.91156400280985,4.59425861736492,4.67586724546644,4.80619059983097,4.78596996346749,4.77540009740758,4.74191672946423,4.9807468620156,4.73879499211274,4.61322200401524,4.34113490428313,4.7969554563171,4.71016779514728,4.93235230733063,4.40383647142757,4.80353001653141,4.56956524626542,4.90856304508271,4.89062351396731,4.63980841199424
125,5.07398413444716,5.01286542685142,4.86915250840146,4.86005708099451,4.89378690740166,4.87957433712694,4.8984048747481,4.84538250040195,5.41409100261902,4.78767990909388,4.79848407787127,4.7085852255811,4.52057749732449,5.00581536473745,5.41213301176899,4.86227488122602,4.86249627522271,4.79144912397693,4.72242938278742,4.92841104480556,5.09897595870523
126,2.61439622240324,2.84786834989145,2.44004834091677,2.60681003735905,2.87350698120427,2.19696483948903,2.37730245278339,2.61919544952944,2.80266285227849,2.71985097666292,2.54668684436533,2.55043316539828,2.7985284981066,2.56574061038959,2.7632104844169,2.28871531747636,2.65144677108668,2.68785987108194,2.61758298049249,2.37865479703937,2.31588762244744
127,5.48547731136699,5.80018069964862,5.89388532781308,5.76948060086575,5.83702819641367,5.47848006077528,5.51144840911224,5.79237508544707,5.7612256754859,5.37050844623664,5.75873901481428,5.32530363406137,5.6285225746719,5.73662268430323,5.81527968273816,5.66165774576663,5.4782718932857,5.46691004654963,5.46795190691212,5.57491478239762,5.90812692152855
128,3.05866648933424,3.34598786241868,3.00293993273583,3.13277140819239,2.64701155149808,2.81862123060621,3.00770928316713,3.06602789739689,3.17044136437508,3.07666847704871,2.903551816377,2.9590158005109,3.17872220241333,2.9729293104873,3.08509326838584,2.96007097754958,3.08570303870162,2.8910372912376,2.71493648378138,2.78191434096598,3.18244036133177
129,4.61911089017993,4.23412367261095,4.76306255768379,4.28677420294617,4.50198035843434,4.41202205655572,4.6992856455965,4.31347831820577,4.52429859088338,4.11188658112766,4.16790130526953,4.41598371840831,4.27423396529009,4.58133170670659,4.56227799167937,4.25943104463001,4.2560497796926,4.39960619744918,4.48153397435075,4.42224705572406,4.36252448863332
130,5.0019886648865,4.27675647385031,4.55247996120703,4.62471508211307,4.76623375048635,4.35903970219235,4.9240213262491,4.47745173463321,4.74274272246052,4.37428573500922,4.39595434104393,4.12625156312133,4.67516105418557,4.47328668613246,4.77664645209529,4.69859730182899,4.36366251212647,4.19396627284025,4.56650822239191,4.35685413278553,4.79167168406076
131,5.0235129072697,5.41549482914036,5.19274738446138,5.03511032250374,5.09367180221858,5.29158625258845,5.34543107601889,5.08768946091339,5.29185487652273,5.11330700381773,5.16514306808386,5.29062748685237,5.1722177850849,5.23648123911356,5.43785258802922,5.0828408651461,5.38014149277604,4.63294872725498,4.84682370486502,5.19411778668301,5.2073343330211
132,3.15722977390085,3.12525608262764,3.24222063601199,3.01420015918216,2.95743681412961,3.23237651296421,3.42486286233434,2.93372174875891,3.26524950257126,2.80810491018295,2.76092980559424,2.93307982523887,3.1737042512439,2.97124589329897,3.20773310894501,2.84497462252324,2.869345440024,2.9960208874166,3.03563870566449,3.13291863044163,3.02014439468893
133,4.52130434515147,4.84901526456641,4.39286468886705,4.30339955902684,4.07838882882629,4.11651381689462,4.71292967697322,4.30555278451796,4.14841253560212,4.40762842976233,4.66973332051278,4.11589747032054,4.44716716066072,4.79500891759035,4.30736355434398,4.14713085776899,4.11398764533686,4.06109133893724,4.42861814528777,4.38664071256158,4.34733741683942
134,3.7713568147648,3.67196405018502,3.88474724777179,3.60338789418164,4.21269503947692,3.65182333088706,4.03926300467375,3.42168476223084,3.75755251878911,3.56516910258756,3.62815773451151,3.47426072571838,3.89195033450823,3.61698629502678,3.84836015243267,3.34619618921895,3.5372264237846,3.72200211450471,3.83006546981369,3.66075428848054,4.04016456411485
135,6.09461159444197,6.44980162032145,6.33013461967614,6.54585021795473,6.33565040502015,6.48276156977048,6.28104318560361,6.35138380900323,6.30502625102109,6.06394330822156,6.21559370209697,6.29705799464243,6.33325543150348,6.36714983230751,6.38739919732366,6.28881083542513,6.19253449274736,6.05300332903798,6.43705378928409,6.37274520861406,6.2861835712318
136,3.45573081096955,3.74173866269892,3.27574961285656,3.76084632586779,3.66971995030838,3.34273020590243,3.53493420295882,3.19439904802555,3.7841599706716,3.47009954518879,3.1094075625957,3.55452780684374,3.61743176518372,3.9687537439064,3.54496843585386,3.07792340193463,3.42654173029869,3.4174364743235,3.59952446986333,3.33326088319894,3.19568666534075
137,3.53065815466214,3.21762006343297,3.23466658179576,3.49542879176748,3.27394048259102,3.09110944683772,3.2318069689702,3.4054594995011,3.38484580613433,3.27540731145901,3.20918933434072,3.41122784474917,3.6019639567199,3.40064482939064,3.13263312790459,3.44671609785474,2.93653582533692,3.40692639840035,3.28993588914211,3.0751798669021,3.35679479997584
138,4.3695914402333,4.78800924550485,4.92329759249471,4.60993393248447,4.54314556983478,4.36152406171393,4.47919079891151,4.49665502577833,4.8861931943358,4.79958169289876,4.61085417062081,4.64819359986956,4.72659501081998,4.85287461251324,4.63812733560878,4.59574317490046,4.60391888266605,4.81491544812477,4.47286467696529,4.51858570666932,4.4484523601788
139,2.34030177319912,2.49615044542956,2.40978831459928,2.46417810539308,2.42956543132135,2.13017989010783,2.8887099460171,2.55822465448122,1.90634111351377,2.4956475380679,2.00307860488018,2.10125184027993,2.49203489304543,2.51837796789359,2.2122089263226,2.36938583482776,2.38686807895434,2.13293119049562,2.56823132166599,2.55757723363983,2.2635979742534
140,4.34621066722854,4.3856951658009,4.45471565747024,4.20374456074892,4.1690073121773,4.79571561798092,4.28766547001604,4.28507510726939,4.62392279381409,4.71549643954393,4.50570448122555,4.51298265131636,4.36606871199207,4.62788151423355,4.79459888997184,4.28537905084944,4.26056625047159,4.25432901558297,4.36687405726676,4.40150314238582,4.14193108484466
141,3.74971731135818,3.89533673796044,3.98530733931525,3.60219037638408,3.73102304143465,3.64043342095258,3.87017066089242,3.86611252948882,3.97843099227524,3.37956896785028,3.99610746788339,4.00971036700518,3.82920316944178,3.75334980688224,3.76684015743639,3.71204452059751,3.71739915100426,4.21535882467289,3.93303825610425,3.74401430949489,3.4669655734418
142,3.31343985063503,3.62871552641193,3.24790269917109,3.45996784849043,3.54145796741522,3.34564664984763,3.57846066700206,3.29820368406641,3.64867462033228,3.16768604240231,3.59790628036479,3.47145754965977,3.39136568386484,3.19667093217853,3.60996128892406,3.64668105732562,3.71390617474668,3.36450576438353,3.37585892517489,3.43563483574898,3.45454631260769
143,3.61516420155107,3.91619055315161,3.73949037985284,3.24365637067507,3.01790603645239,3.32675689398769,3.64479336346858,3.49672809263916,3.65190331661791,3.06143639749771,2.9189761319387,3.37056774770861,3.80908446016616,3.55728545775904,3.45345635076213,2.80780670443275,3.62884592279122,2.8113412134848,3.38360505854841,3.55512261556532,3.3550864162163
144,7.57097722486613,7.53122592337274,7.59756333700649,7.46726226605169,7.21584810362111,7.2936314580897,7.28265370278164,7.71975466336563,7.58440728840098,7.52515408228105,7.38438160785881,7.65224387849011,7.61494771734552,7.15857630886103,7.42294864130004,7.48070400098626,7.49099152289362,7.59927884042608,7.64008582898283,7.34370112260606,7.37872986741716
145,3.49288294476593,3.26842796405066,3.60109742176259,2.82091321050764,3.61684023756562,3.08571500965714,3.32343500410274,3.135819540097,3.71140924232543,2.64255939947213,3.76975670515947,3.60102753328801,3.75103146184088,3.18101449091699,3.11682619748158,3.37387038470852,2.86767945410286,3.83100054074496,3.43491422979718,3.39025283646838,3.2281400512518
146,6.20829789950095,6.01141402310281,6.18723258455864,6.06154473490626,5.78972086529228,5.76200454785436,6.27402377750826,5.9596514698979,6.04703195026755,6.33437413487347,6.08902764808931,6.11161462962175,6.0476829471649,6.03248234016562,6.12415146902649,6.14467849688118,6.11238377664043,6.36593342474875,5.89292841685133,5.74228354511313,6.27568957149252
147,3.84721526938393,3.44742994901427,3.85042765751061,3.41874049651852,3.74551964815184,3.49532777395858,3.88549961480326,3.51084528310614,3.33917516671613,3.86108546264307,3.14104156865311,3.94275067668937,3.73712027691581,3.78238865720246,3.34818094289831,3.60751673972908,3.33907545943427,3.61476441739491,3.47931250340374,3.91499391328749,4.09733411142847
148,4.69477759837326,5.02291037949162,5.18601479924087,5.02986250712728,4.85652033350451,4.75100239968889,4.82346621471427,4.89488930592841,4.87723355983029,4.83291406668784,4.68185428655728,4.78657744574548,5.31387002391092,4.67568689221845,4.86521338720664,4.53990327429832,4.61576546324531,4.81865323206196,4.9241064642451,4.63541513712355,5.11858203684445
149,3.90581203717977,3.77624014510367,3.75581427826756,4.19502417186254,3.89232395273185,4.36047453986658,3.85378068301842,3.76764851796031,4.06999910592165,3.90038549305081,3.93389604402581,4.26411136330659,4.1631369151458,4.21805540862873,4.06977147207182,3.75459119000382,4.05780126514506,4.14989060936585,3.94269777684478,3.69366396312104,3.78374526276687
150,3.37255464268559,3.38744253100115,3.37540860673031,3.40928727665283,3.44568444686405,3.32690070099215,3.20705706177557,3.37353866742372,3.2967925287244,3.57941901086093,3.5081995271412,3.26463230594531,3.34969072598985,3.25741904956215,3.52182128085018,3.35711082329445,3.33741828579172,3.33064693790437,3.42064151157081,3.35547960274636,3.68463332642374
151,4.51472266885379,4.58346279648267,4.39903137725356,4.07792137989142,4.38571079677981,4.47028656040269,4.34149127421944,4.51574608748668,4.80448230754944,4.3154136305275,4.72073240460954,4.32825137854209,4.10932338791898,4.50564092864406,4.83759495683743,4.30490411573412,4.611713937124,4.76623546496582,4.30255192524903,4.39905179744704,4.29370581623754
152,6.39244099619122,6.49085000792365,6.24899798684781,6.12561828233384,6.17601512790667,6.33363557830638,6.19208362693033,6.41782487629144,6.3646226472765,6.38656062641693,6.422774995036,6.38187027716551,6.26013247842723,6.35999686623986,6.6456595927512,6.14420465097125,6.4375577830613,6.40145419879093,6.1632862190676,6.07274026141827,6.19113697756699
153,4.14349771554406,3.96638614025105,4.04730216766394,3.64484058007431,3.79077727957834,3.71840924160124,3.99041682690155,4.14991905921225,3.60611528432018,3.96298054176185,3.69241879445099,3.7357579459113,3.74785130524071,4.30792051849284,4.17609096619107,3.73457382014066,3.52271586462263,3.69813931053117,3.85749773838048,3.80574192075723,3.70082320747416
154,7.00413241401724,7.20798331769457,7.10846836562685,6.96408948476548,7.00710759891997,6.97646916749962,7.0257501128143,6.95858110210009,7.20236467092639,6.91183184043727,6.95937534088976,6.90039300104557,7.1897078740772,7.00466456895501,7.23395449729165,6.89577622195715,6.8985344737458,6.66044736842419,7.03575124272325,6.9350816346066,7.08812176412924
155,4.12130759692609,4.327756478583,4.37375873665058,4.48365835613969,4.26537051791176,4.49497414538837,4.39551042635859,4.15796448726547,4.47284157056981,4.45796069240065,4.265399446958,4.31859329933224,4.38991053938088,4.35274709345483,4.52622195893079,4.50692078663547,4.35311490786261,4.10848918173741,4.32642033855057,4.21742829779604,4.22574814017765
156,4.37107530717098,4.76710478694687,4.18378429850658,4.76945369335213,4.47952610438754,4.38898527569796,4.88991245509144,4.37129374548793,4.15162720186591,4.36078494944164,4.563863032778,4.5600156146355,4.30080380438289,4.38616612476557,4.40576517583379,4.53159693133755,4.87689524410072,4.45999137253208,4.69011696654581,4.54477718116113,4.67856846425611
157,2.89549945982864,2.89816334704129,2.91093023004936,3.01121803701902,2.93888692248227,3.10029863109834,3.10944846597333,2.92848893811687,2.88940284845245,2.89731769500216,3.14786576334659,2.91450109566358,2.80648106955085,3.09915584184102,3.17657872308426,2.97960284040592,3.12562963666242,2.93644809988358,3.09865665297089,2.84524109659276,2.73587918188869
158,1.98853666035872,1.74731145556955,1.75360028084137,1.32125193582368,1.6505587625132,1.64529086206899,1.89299916613998,1.20569109821735,1.42252274881618,1.86740151402042,0.901015188276104,1.68153191088623,1.64983168103077,2.02865714739849,1.63669310657771,1.14127302486731,1.34626050888313,1.15993793971982,1.61899369555974,1.98281683448389,1.5556826521777
159,5.2282199981771,6.1240110472115,5.32895725299376,5.58585186067986,6.03043484655567,5.52696107883989,5.59581958816659,5.39062625604157,5.58415683032931,5.88015880287948,5.37558293578101,5.55733845785416,5.27442283572407,5.50267386204946,6.036037505793,5.47362264859609,5.32030150290703,5.54298409657041,5.48818001022379,5.65667048123184,5.95200730765831
160,3.41459231417808,3.46245036244331,3.64092388342158,3.25273455985373,3.18267757579969,3.18674066110916,3.37905807745873,3.46959914228932,3.29685039931657,3.66897898808932,3.65757118083044,3.29110525820533,3.5556779195947,3.55117464783255,3.38061169264368,3.42950047916983,3.45569817840438,3.32468828243084,3.34043523567716,3.17539892053024,3.30874576008427
161,3.87239183037946,3.7002509444103,3.83945599870511,4.26196470736046,3.61066882732168,4.17656750273118,4.24459815958416,3.84190064725358,3.66261937185081,3.85288974498967,3.83334256757534,3.87518419250981,4.01262870325583,4.00525937178263,4.0378384843653,3.90245250143722,4.10743897948091,3.67552985900017,3.8633790729483,3.6071560878724,4.02601046385429
162,3.59454638266936,3.26055364410386,3.5223202329972,3.02519112563888,3.37377267094572,3.32164988289903,3.37243505066497,3.51979002764098,3.43839682719012,3.19829178537887,3.38657068324498,2.74144288928965,3.38291787737885,3.001335778808,3.70141396368943,3.14714622467618,3.16342782323584,3.12012003960531,3.38744596104429,3.1862927651787,3.27163356820289
163,3.39652315674903,3.65720041818697,3.45176721952494,3.49071043860855,3.3007552147505,3.31572457368663,3.5268720391138,3.40738328715594,3.27392016866105,3.60549913978015,3.36067570163426,3.42942509921592,3.44075967807444,3.62324838500722,3.42756163377069,3.14292370908716,3.50018443592492,3.56103469604225,3.44927208468274,3.40214104816012,3.635240646751
164,4.6883530051806,4.65043099509132,4.68340224010925,4.92361482138933,4.83430147830848,5.0081985266054,4.64566254970657,4.88084792898845,4.46962256150091,4.92559609792569,4.64060890842675,4.82964575537041,4.81435459113937,4.90241399682336,4.68769779174077,4.8189230405837,4.79317920598887,4.57316680767945,4.66447624347589,4.86474319279741,4.95194335336363
165,3.83717595077158,4.13452179127528,3.9220560619696,3.84776570641645,3.77734978934701,3.94780444582323,3.8701909131295,4.1571078513573,3.84342694495266,3.91340218661075,3.59601081711776,3.48823253761219,4.06263023985158,3.65410900794048,3.92854506205724,3.78191190990013,3.74668504939147,3.76834092126022,3.65470429568755,3.99661429165365,4.02426097544911
166,4.19288058563666,4.22753849938597,4.59225927234212,4.10581393131797,4.29393956637352,4.33872477820504,4.2593562043137,4.44212702808617,4.54695612773963,4.37878949242787,4.6779417120753,3.84141483367595,4.47963096105756,4.32481769756619,4.55548323957821,4.42051861819197,4.04050090701676,4.31549281509567,4.1333920476704,4.07890914465416,4.15489095738862
167,6.84789351096331,6.69147652156999,6.18543017366674,6.34673817651942,6.48819179248215,6.35257625485449,6.18831856886633,6.55499914937354,6.20290302392501,6.74409350678003,6.84212679347266,6.53152736334891,6.58796895269481,6.47727564310224,6.479704242738,6.28736597397551,6.46505265132117,6.48803735360693,6.78490767882999,6.53510358224968,6.42539396797103
168,5.97042665581649,6.22193297888947,6.13861201864738,5.96516031749331,5.83362554376306,6.0288346801374,6.38945565118871,6.14708142325541,6.04339041837716,5.60947045492257,5.95602426945873,6.15838398192403,6.33494909378974,5.85716997054166,6.02805092047401,5.9525409319845,6.06623721625945,6.19723445400784,6.01194623906464,5.93980094066466,5.95180857819047
169,3.8359870942206,4.36189551734482,4.16332557694731,3.92986638446496,3.62221942423447,3.85798764515985,3.90542031204585,3.89080922690741,4.02878100335279,3.85384730438083,3.79400205096616,4.19199110300497,3.92831297569712,4.21939881917153,4.09072332681006,3.91106692461332,3.83048043860914,3.81104786045435,4.02623015239671,3.90194425122165,3.79547113453732
170,4.71279833995222,4.57831085544854,4.65269869454278,4.58410687071104,4.41668876375122,4.59459677628869,4.47734178425168,4.70008787613082,4.51504151536691,4.57374858021563,4.95687674772629,4.38086821426687,4.63408453453159,4.44267389402366,4.75188071359267,4.57297639301163,4.59636166684425,4.66258798115177,4.79330843188988,4.42602388153909,4.54790698259385
171,5.17289704197712,5.31930263280173,5.83941319367477,4.94534066835537,5.17734578659298,4.9572532168673,5.30912931127474,4.8666711250221,5.58899696932175,4.97053606034968,4.91924520239813,5.04077091863681,4.99240629154338,4.87614628049149,5.17225745857935,5.06228326031316,5.29474149480242,4.69456948714317,5.40928897960144,5.53002771474712,5.44424864123861
172,5.01370661569865,5.1021556645115,5.12362066785902,4.79258539277737,4.77943114245925,5.04381654076097,4.87551316896098,5.13956437880199,5.30707342706051,4.73799464359992,4.87647198915574,4.72315309003411,4.92693618828482,4.98280325578184,4.7335330341123,4.80310835202366,4.68737614174113,4.89459073469687,4.85920136668905,5.38448360034699,4.80127854809206
173,4.91122600978988,4.67262614786785,4.72498033193582,4.79125862741749,4.85009793666846,4.65468045259065,5.03888467942387,4.70936788011246,4.81687721796956,4.44063444205721,4.78329426735862,4.49138192336769,4.67336725173331,4.54962931202268,4.78678334368782,4.74618052621622,4.5436998556257,4.59205943532381,4.92296851984777,4.80454006951474,4.76244090892732
174,3.89605052424264,4.21817465492244,3.94249858373305,4.03008656796785,3.8073419632304,4.19894720538111,4.00080558581991,4.30484307889322,3.49111865681388,3.79741399588883,4.01802423173067,4.10155387490129,4.10990689794855,4.03552389258157,4.23759709805301,3.60963206808706,3.78855730148389,3.98967299877651,4.3098343706167,3.86039092351827,4.03903118856093
175,3.20543416069135,3.48368811004361,3.30620269064384,3.48227670283473,3.19929625275928,3.38370631952065,3.40822819751862,3.41587226956823,3.08704195326325,3.29331137042268,3.31082012064728,3.40217945242036,3.26879581431491,3.30131781535494,3.29833524898481,3.49780749598093,3.25606268908977,3.17849389975345,3.44653952154778,3.31912550172266,3.43698925566678
176,3.89623701891712,3.87409762416729,3.72898754803978,4.02493031620841,3.5601630332753,3.82521405362553,3.73804828888125,4.00459259140867,3.68392416859777,3.70487214892538,3.59561063721353,4.14306042093079,4.33515113416384,4.0330443197079,3.86340215625778,3.67847448166665,3.4227887118229,3.69882424881254,3.77575729086834,3.36758671442228,3.82984681170484
177,4.1042602577532,4.37010643133034,4.34559959968518,4.3825007354285,4.14570871225223,4.01499039286975,4.02000133457769,4.46017389485239,4.09006092906276,4.6019231403983,4.09893100674933,4.22261162898403,4.21976533635102,4.34995337285582,4.3093565916549,4.33986025358186,4.18682846843704,3.88984836576708,4.45698841989796,4.23309342345242,4.31382214140706
178,4.38970983872123,4.44920687175842,4.1152253457621,4.18053677957537,4.54163451840692,4.38215055185085,4.47469547719928,4.17794042134716,4.2946089814875,4.49796721553008,4.47249408739734,4.14422170859278,4.33353324423339,4.39197837848508,4.48743025385957,4.30964250972149,4.45268025439757,4.33188615719353,4.29734947217751,4.45131118338733,4.2985788321843
179,3.78844776160706,3.70776255334632,3.89936727874104,3.55751087425068,4.01459228186415,3.59627380992898,3.50332768560634,3.96594009213794,3.71673990391835,3.79272349672113,3.3347825771488,3.97451566440024,3.51804301681007,3.7190654859507,3.80990866975595,3.86666904876791,3.5287818842227,3.80400820237567,3.81815638200471,3.94072654518913,3.71341489748578
180,4.55644263575675,5.06735378298898,5.10505006725288,4.68926155501481,4.56609920392081,4.83780416539687,4.55597339902294,4.82164713201992,4.50322773229057,4.87247525968629,4.73396252108761,4.91909550816619,4.98233369530101,4.65473840341057,4.88119507613791,4.51541528232612,4.57661768815958,4.52946148792896,5.10727998143317,4.74457885574774,4.7513879770521
181,6.02774132429683,5.65124527036492,5.83929391714683,5.52794846891031,5.55053503996628,5.64194821154757,5.94548808464818,5.77423215927665,5.68356951338196,5.71559360035645,5.65245554769094,5.69569794889427,5.52807781326057,5.54142064661818,5.72117605600667,5.56014508166391,5.8622523504452,5.60867452056799,5.59467662860783,5.70456533544633,5.75828543256813
182,5.18634986904441,4.70111641332782,4.77509669158786,4.85130909030312,4.32629683021838,4.97587906814609,4.71693744532798,4.86412175573972,4.7937267536084,4.87393917192583,4.7034494490196,4.85457227456515,4.88738900203051,4.90115212949807,4.78108831727603,4.54958051667371,4.77016876130231,4.82595339745224,4.73307608174666,4.6134147169914,4.64254842940671
183,5.11403828734773,5.16074046367437,5.28720523590557,4.84853050766925,5.00006034486472,4.9834805281767,5.09417687198996,5.02187500272956,4.87002640225317,5.18541399765778,4.97826921945006,5.21514602502182,5.25986888898984,5.46561953768189,4.99963072313743,4.83509379463042,4.86056963695542,4.67730835054593,4.53352099270553,5.04059906672646,5.40623615769939
184,3.04734896627483,2.99854250720479,3.09010047187345,3.0135279998156,3.16218346271243,2.95731602768193,2.94041555731235,2.99066453677273,3.14514949344926,3.09072495559653,2.93565608221985,2.69282397955723,3.04311401224647,3.02253328813885,3.22474721223369,3.06195890527458,2.69531224770045,2.94454564092918,3.01164199462134,2.85748007104287,3.11544240780315
185,6.02603095352626,5.96123126756284,5.8891473664801,5.96972827691149,6.11344187254276,6.0731059217141,6.22152854715553,5.57856127006444,6.13233825359525,5.7594659262842,5.93186362423295,6.00631096948505,6.07482363694067,5.9615273508239,6.19144611531089,5.60614895311854,5.98022930128747,5.80462047656482,5.608442088168,5.76090780471883,6.23575433953362
186,2.42410182150834,2.51931704032307,2.47761261965131,2.53395054439726,2.467050167302,2.48673826577137,2.69845136476557,2.55509720150282,2.37606855847348,2.39235264312432,2.49171800563107,2.2358562475597,2.7918171572824,2.2103375187866,2.45089398156564,2.37844451164051,2.23618902351612,2.61153039955647,2.37724857057615,2.41874236237223,2.64076080682625
187,2.94508627457306,3.29166261534227,3.17987605529206,2.69862766407716,2.65313166040783,3.14222543597956,3.09404557462723,2.92933121565595,2.87868474575522,3.14163828124085,3.05722161624063,3.01394569705892,2.92788893502282,2.97221120260395,3.09204022864769,3.19527290784588,2.97539020039128,2.76329493393114,3.28103241589404,3.2578988216796,2.62591421212073
188,3.96974909130494,4.26672986006338,4.15494317555225,4.16635189800921,4.39653324661147,3.76118454822299,3.85712677556694,3.94899581773071,4.42136420769098,4.1994056855282,4.25782105350335,3.76539933254462,3.87487613855085,4.42403345230842,4.38849489909866,3.82033660208453,4.26304151381025,3.84831100246312,4.14115409495503,4.01319695639967,4.0598872591141
189,3.83742114706577,3.74163486746769,3.48917342683651,3.49709359521735,3.34841988057797,3.61288904891445,3.5903378853406,4.06994621883241,3.36185783292196,3.76189414117201,3.55191922549532,3.68107280737983,3.56156910246506,3.63895825648633,3.58712175995656,3.33912515670305,3.73339775100685,3.81613816325181,3.67181903517869,3.63160435833205,3.63861621535069
190,3.85021935692258,3.87392480654249,3.76198626434281,3.73054738996454,3.62670488625412,4.0569409448216,3.50861614150102,3.7402514676788,3.73448254305357,3.93893431579441,3.74404798764563,3.94690913731045,3.7871391902651,3.75325528697256,3.82601449450294,3.73562435796584,3.74832958839548,3.80136846973285,4.00782624229836,3.88956388062163,3.70146762682675
191,3.99082987332202,4.02656230792671,3.86424669027564,3.56741874567655,3.78314929835326,3.75363280062073,3.83133639656774,3.96291525882055,3.70818813602562,3.55488129362263,3.64397734733988,4.11343375398149,3.90623163526093,4.03963321214389,3.87727571758546,4.1134132996245,3.50893854712019,3.686733307988,3.64233474527296,3.88019914936968,3.77747439496788
192,4.51699875754857,4.17558011433361,4.11680772535916,4.24285400871461,4.56748749593724,4.21862103278715,4.16069292037774,4.37757842986058,4.38170136235996,4.06688740743351,4.04930384047969,4.31702463161125,4.20584155868931,4.35296190779706,4.30936718186012,4.19747986457978,4.33344790313784,4.13572952550761,4.04352084886233,4.36712234161166,4.69132414589169
193,4.3916907324651,4.56836745939288,4.87138160983654,4.67180183403395,4.58974559720383,4.42686961707082,4.68680471474552,4.68426767575214,4.70414008433198,4.35300487950366,4.4990482932508,4.72152238311512,4.66220012240043,4.74980186745243,4.421090770443,4.48608797453865,4.93577881015382,4.49611436196251,4.45278287232507,4.45809356678267,4.51113481401555
194,3.7763027921207,3.99253287321916,4.26695158264046,3.9568584321063,3.94920481866774,3.91138310399715,4.08659327186722,4.00337140538945,3.86525688485505,3.96459049005411,3.70582997280263,4.00158038319919,4.01833639773707,3.96623063470952,3.87066858818271,4.02164821504895,3.70039316247862,3.91398075834536,3.90910700238408,3.99580465176297,4.05212017105731
195,6.63662281961617,6.06493216873415,6.12300412343719,6.46750110350512,6.52392822544377,6.23717930483413,6.29393052970135,6.50571219585909,6.46677366996122,6.14967273965831,5.9706178192127,5.95305798228294,6.46434035215945,6.20113270929435,6.34776727006178,5.96277029904638,6.07273073623546,6.31261418195412,6.31664673257798,6.13758431619062,6.2969991338439
196,4.1223895404496,4.33077950077518,4.36728083929413,4.01816950717227,3.68399752991494,3.80942624041209,3.69576958492946,4.24298789530779,4.15881906141279,3.94765015048093,4.07004746713287,4.15071054250677,3.9879902457455,3.94172514904001,4.05385011373332,3.66259345708844,3.89255563981737,4.13766858020751,4.28287921581401,4.06160183080223,4.23372145883833
197,1.80470142050702,2.1642914157823,2.60843253146192,1.77066475840577,2.11106525177881,1.79607513254219,2.06455299935444,1.9207718534432,1.81509838389658,2.5047475021167,1.6382985215809,2.46478392611476,1.83948252414796,1.8756843272279,2.72046671825492,2.0259184933423,2.61069640540096,1.06676152464239,2.5478272332748,1.76418592915371,2.00343927237619
198,6.09865353317636,5.6781538111157,6.2270443855369,5.93930251729853,5.89497847698045,5.84474483931097,6.06604417557397,6.00949612093459,5.78596609302162,5.92727497607396,5.68424033620345,6.06129966470139,5.83861747720112,6.28963752655155,5.7868140759796,5.95569185739853,6.01107771649253,5.68907461808161,6.12052420839874,5.99064407043892,5.67383976796686
199,6.1923863646716,5.98387291420929,6.04295503092679,5.7458817991645,6.0304863510989,5.66996677878642,5.82519217842207,5.94872580918884,6.17117226865357,5.94670409674465,6.00613858389561,6.16891943107513,6.0234801912119,6.09220700463177,5.96123090158919,5.97886918621679,5.92293516559111,5.89159153415403,5.90655594381621,5.97630522369258,6.01903029776701
200,4.0238451458469,4.00776105461215,3.55011804251771,4.11728201270297,3.84216612057012,3.56101083333746,3.75236501696648,4.12544759761482,3.69222260435309,3.9030539289825,3.72768159895379,3.79106276854907,3.59790301721608,3.92442318042767,3.72586496831534,3.88704815702929,3.95276842456095,3.82305625233293,3.83151887160573,3.84092353183467,4.15154850536327
