protein,batch1_group1_rep1,batch1_group1_rep2,batch1_group1_rep3,batch1_group2_rep1,batch1_group2_rep2,batch1_group2_rep3,batch1_group3_rep1,batch1_group3_rep2,batch1_group3_rep3,batch2_group1_rep1,batch2_group1_rep2,batch2_group1_rep3,batch2_group2_rep1,batch2_group2_rep2,batch2_group2_rep3,batch2_group3_rep1,batch2_group3_rep2,batch2_group3_rep3,batch3_group1_rep1,batch3_group1_rep2,batch3_group1_rep3,batch3_group2_rep1,batch3_group2_rep2,batch3_group2_rep3,batch3_group3_rep1,batch3_group3_rep2,batch3_group3_rep3
1,2.46775054211819,3.0225731683447,2.55393558850196,5.71167810839857,5.44562890820748,5.51664286441606,2.59619541197795,2.59131814638758,2.90380552209542,2.73014175809195,2.44995357385059,2.62362039793672,5.43608747871252,5.21027433581347,6.23238315468705,2.66826849873087,2.88968667084409,2.54203020465039,2.64407004979743,2.56435063827515,2.66490729122935,5.91263387654479,5.71508202103577,5.4810259656847,2.31559280674097,2.83904674354542,2.59678400161845
2,3.31078731665853,3.21096128646246,3.40215002177011,4.67736600995423,5.02065339943448,4.66206488831968,3.11246646381917,2.86085393810892,3.19701633417817,3.36415019884095,3.10611156447455,3.11080733421602,5.19371669959575,4.75682326338209,5.10862201728813,3.02776169379412,2.93317315359006,2.96457143913828,3.31023845911708,3.53074817306078,3.56016621209513,4.66013991256599,4.62134512657852,4.62489509512728,3.13533919175434,3.0653491317055,2.87975928042457
3,3.86394469756771,3.88311158689017,3.63036667739143,5.05827295909788,5.43487473656789,4.79813789653106,3.6740774629075,3.4750797733243,3.79542215263326,3.4102157522708,3.66216896131959,3.4959691861783,5.19063457632218,5.00191746979854,5.22527653365244,3.74787585650654,3.79916701530826,3.784811838467,3.57541943850007,3.93245758562422,3.82203087303211,4.94874757276749,5.41403707218573,4.86088987946289,3.89398904937591,3.34981074907777,3.88914297175072
4,2.12326325055179,2.1434575430555,2.26763272362482,3.5068577008405,3.43961275859842,3.15987737813859,2.30220311693519,1.61016700394173,2.34127599532167,1.96602726566577,1.8530453956002,1.97410966686473,4.2641479224256,3.65336437844355,3.39818698949947,1.88463092823448,2.18946731515942,1.98835780781793,1.96134854961765,1.97274935378937,1.84429586162037,3.76904059851898,3.59899155475116,3.68407847976716,1.93117894351003,2.03070066513736,2.03701829736931
5,3.62530531373186,3.88384847568816,4.03069814695379,4.88502297359651,5.38940887913274,4.93469532989183,4.16577836705159,4.16144473697143,3.76771747495952,3.96140108829054,3.58026325157939,4.07555280733283,5.46017612806179,5.07965747462372,5.57708364228064,4.48554212151564,3.61930913440649,3.26815401308524,3.5935495546077,4.10199095515336,4.42518664536018,4.82638671871981,4.93705144527026,5.92610800298996,3.39914580416707,3.64033961926259,4.03357197245312
6,3.35919066570621,3.39772378224432,3.3396808456753,5.01690743178872,4.93954104036117,4.64530967319505,3.42506420624266,3.43860860549903,3.27779517903128,3.21111899757351,3.41127281959223,3.28551001178713,4.78112471385029,4.86142256420692,4.88397449721363,3.57116649778631,3.31221886064135,3.16877676382512,3.45570813856464,3.44377499244707,3.4489706109252,4.73748442526117,4.97379585689387,4.86833664310428,3.33104720741261,3.13903774440625,3.34724897975752
7,5.14489342308083,5.45960598547393,5.31896365741739,6.75388693590345,6.6109639002635,6.743496062616,5.20241895777199,5.30001258817101,5.17662084172241,5.27589837021098,5.38938174472983,5.33317697063019,6.77476109890774,6.65996583360993,6.76836045612692,5.15832903318198,5.18386610254368,5.21122859643889,5.23760196952653,5.2022197449576,5.42125394482217,6.80053864248177,6.57922234522873,6.74619831899291,5.37235001373264,5.25771633696298,5.01559988055367
8,2.60615258805191,3.10084164535926,2.99801086316023,4.03119547655757,3.762564634167,3.68530625046484,2.89333241124526,2.85604859086016,2.44148967137985,2.98377576987125,3.2000636032125,3.14275104685483,3.48442545626591,3.52034454330724,3.99906248218251,2.85637663486654,2.61415837157074,2.68849945447152,2.53872611794932,3.24518758122699,2.7917366256052,3.76302450326803,3.90583895750613,3.76967032720904,2.63090850084564,2.66289677615432,2.8746289409397
9,2.23979350747226,2.75730199077459,2.63312158257042,3.79304421722071,4.3643458825442,3.90832085633884,3.01707719038063,2.81868308277353,2.44762375763349,2.55968065566422,2.37491813177424,2.32745437175548,4.4633326571333,3.99060424581768,4.30274045469938,2.64048147031376,2.81516881144212,2.63837083502606,2.35687316092226,2.64446940479367,2.80635680376753,4.17412097997277,4.25587397253031,4.18520617733528,2.55997625703914,2.27888184405245,2.64490689757773
10,5.01680651208675,4.48870170935781,4.54106401850131,5.91381986673895,6.08755926075453,5.95180226955684,4.73232227394754,4.73832870072856,4.67461087861691,4.88156846128549,4.86011692676028,4.69145505083423,5.82673245941262,6.0439880174001,5.88369211700515,4.71837151817018,4.41700993022241,4.81555710066217,4.63938539193744,4.77432508091945,4.84325884188723,5.91981260247258,6.09739130749553,5.89373841109885,4.42150033252575,4.55960103177627,4.87035112577221
11,3.23921423359289,3.07257056761672,2.72465334328958,3.39951501397919,3.88751734107849,3.40703806546202,2.40091922245449,2.41983111359211,2.6318576328084,2.95291650442466,2.25115447002579,2.91443369181257,4.14554013325279,3.34440307600452,3.82596926609642,2.64666897575196,2.63143753128938,2.60720767688304,2.92355856664847,2.80492579468064,2.8883376824557,3.58390784980478,3.9990612718364,3.19764157623026,3.05327586614434,2.66237355419139,2.38756382997119
12,3.30216272118434,3.10201092696573,3.67557084916005,5.21438659532669,5.15883956248374,5.23001851445371,3.43517558638103,3.74104754183762,3.34146793481108,3.68739117358246,3.2346750964557,3.45374592510191,5.14053927777858,5.63334554298967,4.62602988134975,3.82840509828823,3.3067946098799,3.23946253113784,3.36610929771955,3.80443240338659,3.46139776294787,4.81273035294551,5.20977167682723,5.16698443244931,3.46629982032963,3.72964371705876,3.43671833253603
13,0.53506852858746,0.328367082588596,0.373727097247253,2.23306293032146,2.20622825589961,1.93920371140857,0.159219203342438,0.961314486626876,0.616161250199723,0.386589458603924,0.437385294772143,0.535717465257921,2.06805678131389,2.12397732553052,2.00790653284646,0.697784140894768,0.562903873949712,0.522752997788933,0.180190014323006,0.286113483723063,0.469225939059803,2.01436913548361,1.90986553472234,2.57181039824605,0.683686267269262,0.973424040653708,0.349359772499277
14,2.07345894153382,1.90730108159286,2.52512305757751,3.80337890504947,3.94242543101689,3.92316258243012,1.74796364377731,2.09888086483869,1.59259594745075,1.81236106847929,2.09960955317284,1.87613336288386,4.29230282177931,4.09802761907033,3.86679620353804,1.95564893382967,1.69704959509758,1.67011931530596,1.97605363572491,2.0520122592204,1.77486742202233,4.14641465907689,4.10941446216537,3.78688314984446,1.65003080199642,1.88805011140177,1.97867418718134
15,1.65229283333614,1.46749160135097,1.64278351122091,3.00906371801077,3.17658815787999,3.06295968787598,1.15059879128088,1.52050320322767,1.2786175811119,1.75581850764602,1.69032279101103,1.5083947814031,3.14277066408536,3.02251390375561,2.91174958949528,1.37902928564949,1.35784952945278,1.23331104177818,1.54342784659701,1.32756024077669,1.44170145872665,2.97916839887363,3.29072965102285,3.28727937346339,1.46435639449547,1.59007365937913,1.10209531456488
16,2.22040809934992,2.18450535440821,2.12138311386821,1.29766199072649,0.933653306875697,0.801396275021778,2.44279879717473,1.73031462615477,2.04775214376284,2.1520866992171,2.47801777723117,2.60587704787234,0.939401576023531,0.710525814342062,0.491811190465371,1.70330722063814,2.59689506682844,2.26851023630836,2.28332072491067,2.63369497180339,2.64077823976491,0.333957692052383,0.79842960971665,0.881212751353924,2.1354993100171,2.00107611407737,1.99343005948977
17,3.78713086167346,3.9631321346107,3.49507948358311,1.85488133012099,1.97496860438014,2.08516088129486,3.7699221794082,3.77454398565442,3.61328566705633,4.09325502334197,3.61561235564259,3.53926188223613,2.01876849265129,1.88326477576483,1.9008830149524,3.90185845401389,3.7936594411215,3.73983209236205,3.54738432399472,3.82701984608636,3.70422270210636,1.70974372453901,1.95635308031613,2.10779146033405,3.69532883732227,4.03133889807804,3.93595890257495
18,1.95479998627803,2.2949405082975,2.83548406203844,-0.229940421129468,0.234004558567441,0.322091435218802,2.57266682959936,2.48867309016463,2.22496714361074,2.16534648133176,2.61006047875492,2.13551012801316,0.456978620993809,0.249034219987127,-0.0290789908542378,2.40783432530975,2.32766045085288,2.52796537906618,2.14305686670019,2.77327091808753,2.69937313592291,-0.25510131838584,-0.0849242015263869,-0.0424397194096296,2.33168458243576,2.18969784542556,2.64478487505859
19,3.71567678297018,3.35375681728805,3.36383927043038,2.24800748265392,2.20173020694044,1.73565656319526,3.77492775257897,3.7075688886353,3.87651233041561,4.20173414203464,3.76775281121487,3.72403784052191,1.59292355676301,2.1463826950686,1.79609887110044,3.79496367972934,3.55962254327598,3.52612884154564,3.44812304206071,3.53801812251953,4.07586496460716,2.12598565660741,2.13738837010638,1.96292737236679,3.7240738723108,3.68889091082181,3.27253494407976
20,3.18039896705319,2.93024744203025,3.30496600321548,1.77278761256377,1.99200011466468,1.79567202725711,2.76065061873144,2.60554548614896,2.81057799098211,3.13500380153906,3.13985857807902,2.99921862624607,1.60844967648344,1.87168573416979,1.75831994089298,2.86381051702149,2.72538599773074,2.99771565999465,2.95274299477245,2.94105730921683,2.71514836430107,1.7598219141714,1.74804757863321,1.97334166501422,2.81198789426431,2.79790748858873,3.14038329554282
21,4.10990829460178,4.32506129893704,4.35875546565138,3.14005393317579,3.476685770487,3.32750137986367,3.97401384605316,4.07726945107554,4.13926562312816,4.33742799168919,4.24586453362341,4.13172956319232,3.41736486232719,3.34182669748677,3.54502829541597,4.16515523681534,4.03649594793947,3.83165522296971,4.4476015278273,4.38392657012669,4.18976418858315,3.09775694959284,3.6159380222993,3.19711646898217,3.94793922738435,4.12325207958235,4.02683667601611
22,3.23799402856236,3.34330750991299,3.11132753170473,1.70809194384738,1.59664335052733,1.96051250395268,3.6725535831231,3.25167293795821,3.23794710409909,3.07880230147089,3.60413428237551,3.34470387792253,1.67980064395101,1.66726541813906,1.64867552114536,3.33229285877818,3.22644494909561,3.42726319592917,3.23919094138719,3.19443398934424,3.30710233942276,1.42428280977822,1.86115173879654,1.90741091452236,3.47437979784857,3.2297085252375,3.33491712831152
23,3.70569575452963,3.79592796679702,3.68087882838754,2.38131019851976,2.27499599275642,2.34907542859996,3.63186642658896,3.52617802046612,3.72020796907496,3.65953966230088,3.74446680527289,3.84691099238455,2.32688987815102,2.30253900144198,2.60620790785722,3.56226028929406,3.62792268826338,3.471154493662,4.1554882503878,3.62741271094181,3.77033687516025,2.25574624937951,2.50159148494726,2.32577767668515,3.40460932663256,3.60205457251957,3.59261425566751
24,1.34908261488304,1.16684698466562,1.4658371014797,-0.24482819162261,0.313009197395797,0.108756291196985,1.31163120618166,1.55994978634796,1.43893223361433,1.51383550451287,1.64073559935687,1.5968101830375,0.0920729750955949,-0.494996584496589,-0.147354901563277,1.43560562031722,1.40152858428056,1.5730662710229,1.45321466245683,1.56688048097408,1.5274894279088,-0.158634605896806,-0.301355033781391,0.185698992142743,1.42114808734422,1.47359983262969,1.48503041709215
25,4.28596179226457,4.7260059931637,4.95450183745507,3.06843053354153,3.03019727416333,3.30003259973139,4.56095659271206,4.48897630742041,4.53239795069343,5.03463824587843,4.63776058831811,4.66529850932522,3.14050559452986,2.95840412700227,3.09181399261278,4.39016042242462,4.69028416454283,4.53127917789885,4.51234154928168,4.41188356759609,4.785256472259,3.32196322696178,3.2915722307423,3.09116593185418,4.49808979186606,4.6029330016952,4.41482649012448
26,7.53757344341935,7.38465794278722,7.03690837248736,5.26461090680662,5.61813596045894,5.64558666728202,7.24188204972446,7.50282834897084,7.49054018677498,7.80255874678312,7.19709770798652,7.00532874676993,5.59364447616282,5.5676031508113,5.52885201179757,7.67488694305224,7.40314834674264,7.31580433774159,7.33002154573604,7.82075542034059,7.3980198117784,5.13401566040369,5.47587943548744,5.31155794979204,7.18718232301281,7.70423332143911,7.35019907791066
27,4.23092373494733,3.98369924995121,4.14513654904653,3.30743807144105,2.55697628126611,2.81387793793032,4.42665731836518,4.11098393324997,4.30000707074402,4.6523751304803,4.20230189394045,4.08183255959005,2.95223435925514,2.98459872085183,2.64625588383716,4.2939900565786,4.02595508795536,4.09010046758523,4.37569143673465,4.24075180370669,4.06854216770347,3.11070595504699,2.66175396811835,3.0268043486006,4.18739597193126,4.32308998381162,4.17597447311248
28,5.8590774477545,5.93611581542907,6.14106008061411,4.54203578832519,4.87561591142822,4.72215032768653,6.16945391670616,5.8471245565654,5.76393047938524,5.8608759005125,5.88671348762184,6.12029192315967,4.84241088454819,5.27355534943205,4.50477581129057,5.84625151187474,5.70165426352322,5.90066862591878,5.83513735365692,6.22430046443768,5.66933657871552,4.63506887262402,4.87690437004152,5.24285872839444,5.65110959445855,5.60007324859321,6.04386686081864
29,3.28144663818037,3.18355518241539,3.08003064119432,1.25678530222087,1.25768781260136,1.27285544674605,2.85094736169096,3.20480838042681,2.675027394865,2.95083381020834,2.88514563433301,3.11249220629993,1.41293313165788,1.41013979227685,1.25174837926345,3.2378033488258,3.16154749445367,2.77469227494859,3.06290846488868,3.04595873675082,3.21043541773613,1.55261343646265,1.10490040443009,1.09339284993007,3.04474280580737,2.95047597730389,2.99906594600441
30,6.09614664985852,6.61127281432316,6.51547571732231,3.97415575069301,3.96844228218729,3.59717983708371,6.36821688581975,6.37855731348057,6.57622565896803,6.2278372739208,6.55753520680726,6.38498133728258,4.00226881819361,4.15257477471511,4.0481194803355,6.31580967724335,6.16959068326796,6.28187080941432,6.44109805296408,6.2414161481325,6.65019990611648,3.76532032671866,3.94682987025388,3.76481382646193,6.19776488119292,6.50210485978128,6.40765134636021
31,4.80158041646435,4.53635188179747,4.43143731778032,4.28166931231515,4.74527882512161,4.50753289099846,6.67777873742648,6.95151300192994,6.70083401249892,4.493637218112,4.71896307650824,4.62133407509849,4.44729312671861,4.16209833761659,4.58595376008697,6.68472646460158,6.94929237171071,7.06756030913953,4.36424271975473,4.94112474786799,4.44665044345518,4.43241960935038,4.73383708207826,4.60797646652476,6.87426411520504,6.73052872382833,6.774842700404
32,3.35706469105704,3.57270654108502,3.76491227592353,3.83547018337043,3.3521876453107,3.73034883732693,5.48750386644591,5.51794703956058,5.26963921477515,3.46641458657384,3.73433301840396,3.77740012021999,3.82779912410684,3.69787319142315,3.65829530610829,5.2322108201267,5.10099748186975,5.33960384840621,3.94107391808049,3.89302052107241,3.40853836932483,3.77890258226504,3.52393469483919,3.50980336341241,5.43634162984581,5.40983022507434,5.07940197221112
33,3.03964102111506,2.9807229969977,3.33303460268731,3.03606678491272,3.38082489038988,2.83303854670963,4.47406931016286,4.57964413748396,4.65084247228722,3.05075404302303,3.00883146730577,3.10672130293729,3.1128891985579,3.35290406627203,3.14902513438278,4.4907087350806,4.37568559276273,4.44405566187711,3.34494734878049,2.89697960283347,3.34313246610863,2.79708650042935,3.23369760775436,2.87793619417882,4.55621393331018,4.48380470461471,4.46571581909705
34,3.28999727638199,3.71246789435975,3.8370225922945,3.43775121480331,3.74933221832163,3.53097595351615,5.30101046103055,5.4111154042941,5.23007802409054,3.99382799603591,3.61796687063239,3.5526735317152,3.75634119843732,3.16370898886612,3.38337429842126,5.13726855527493,5.51494075471175,5.22121842412931,3.59245074372594,3.60210763435258,3.83160471244283,3.98971412647957,3.64018344572509,3.59783771954683,4.944034374983,4.94538030597632,5.23747320615341
35,2.57614287369852,2.48460665020545,2.44343763240289,1.98188099791653,2.32376540802262,2.38796871489508,3.74851821058352,3.52097169931513,3.86289333035575,2.35232461873293,2.32823503397236,2.42529777757411,2.39378940970378,2.3897574662584,2.32052176856833,4.00457596416925,3.8588268052204,3.64595645054209,2.27376483549969,2.75441050114256,2.34333531615165,2.14853021002087,2.384504717819,2.28485240281537,3.78475506621016,3.93008257767946,3.54662045828743
36,3.16355394033962,3.07302268087278,2.96116518785665,3.02219318093653,3.00051182468073,3.04248249355393,4.99088524894662,4.88656224323289,4.41333501084378,3.543929309004,3.12366076327756,2.91611946180143,2.76047190941271,2.73406975765426,3.21040969784922,4.5674622425949,4.68998368242748,5.00335240401148,3.19393899383946,2.93566818793912,3.09079502994915,3.16416948454919,2.71522562920846,3.10427449451023,5.26513584525064,4.89943393269155,4.75158866720516
37,4.7982027130644,4.37365392121784,4.45078813765842,4.94899217645207,4.7425108424656,4.93321329823925,4.02200835360855,3.44802391150733,2.93164569969266,4.34247132892905,4.37658329046548,4.79751494377968,4.33967586659269,5.19683773533892,4.59452291470276,3.84517853011874,3.86545445044728,3.40341665798597,4.36284521499193,4.42404131109534,4.72836593584193,4.60436289066692,4.34280817043412,5.05553468282345,3.73810597076113,3.68034269595559,3.6945728010251
38,4.90654655952239,5.16220381613663,5.30045909529973,4.86939978241004,5.10469054175063,5.03675531947892,2.83053882151966,3.06357491330781,2.6194571490163,5.07628301341621,5.32753208558385,5.15887233210914,4.86093697931882,4.70900341082396,5.04996877825465,2.77119757307916,2.94801769814692,2.76771064988129,5.03660337246662,5.16385466864001,5.25297686501484,4.89587664036734,4.7529841076612,5.30603776119871,2.8033654998289,2.83906964737114,2.76018172458833
39,4.20078442360812,4.08122787969204,3.9039076577882,3.70952490887981,4.05143641469492,4.04492756742317,3.14365879960713,2.55105985386863,2.78224558933711,3.79135699805197,4.02056116392814,4.07801337391585,3.87028614452899,3.78553473676826,4.18240449663482,2.90184433292641,3.01130675323658,2.74324172165345,3.77136761266035,4.14638606916704,4.08530991999812,4.10201379701327,4.35987912811039,3.92194955869157,2.63904991935508,2.81013826015131,2.75719225870507
40,4.71116077972494,4.23660233560575,4.45655112208301,4.15236781585481,4.41232277071424,4.15791280047331,2.9643698767002,3.15737609838261,3.19551947784706,4.26111010656452,4.59342219960781,4.36252255026166,4.07234968765742,4.10912912725517,4.5011674836365,3.18568880689214,3.14880110008715,3.20856951905518,4.31367994352948,4.08883921911134,4.61987594945737,4.08425884067116,4.63767146105982,4.41770601892065,3.20711041478072,3.09777939377408,3.13534010785267
41,2.69409907485187,2.42383098949273,2.84534762796135,2.93422498844958,2.58079576219897,2.54941616055286,0.374924116877922,0.497228579208732,0.862398998980963,2.93488258665595,2.63254445925039,2.54997722128766,2.59093605301882,2.6741303713384,2.95446033200212,0.506683712279248,0.254031087913493,0.641655841923125,2.62148818619168,2.85866984061441,2.82549168024855,2.71074390397091,2.61553371493728,2.68603569367516,0.52352907112013,0.616803876603428,0.587382300665267
42,2.62848329495132,3.35599630231491,3.17188794826136,2.66370539980548,3.33345847782928,3.40460499790801,0.833338636293504,0.839422358393111,0.588821721190122,3.00976071731509,2.94250803991628,3.01237511204107,3.04487975133839,2.99721200784397,3.25301170976736,0.973434104840144,0.757772189682872,0.599624373879425,3.08377328389195,3.11528039577795,3.49489225899171,2.61350494273217,3.10974305627151,3.04052350743069,0.630239913893148,0.476083146814388,1.38850689662476
43,4.98953302496341,4.89721301539272,4.56991657755373,4.95135587765156,4.7416696221126,4.94838266474569,1.90897282017343,2.0172946578761,1.68950157231145,5.29555401695727,4.45060178037565,5.01956309494259,4.9879842524277,5.11511252941466,4.83947756206553,1.56977825265312,1.50151956678904,1.97283958693717,4.87087578242432,4.67716124004618,5.32201268610772,4.56678443143029,4.77566866698774,4.78021317859383,1.8091789859621,1.89945574301625,2.00549420526979
44,3.11138999470768,3.18304041550486,3.02868900114321,3.14643072511183,3.19201853106004,2.97582182508567,1.90638500740703,2.15190013769284,2.02990194680115,3.38439939693539,2.99148743652938,3.09533988273655,3.36569648341599,2.71935274651877,3.21060243015268,2.04849842846559,2.13524763113401,1.79336144298883,3.19129464737322,3.55446075819552,2.85976943306247,3.03297215024872,3.12848551853496,3.28534027279321,1.48845028433469,2.22649569594952,2.19470213515753
45,5.02295010221811,5.30385789763679,4.50247495142647,4.36404270297071,4.67641611707226,4.59976046219916,2.8098519913699,3.27582717038607,2.67343658874708,4.74320070556249,5.2158561711844,4.25979383974166,4.87783479127114,5.1791292825249,4.78785082371421,2.8053828671646,2.86669731865117,2.97458281997815,4.53511339240577,4.87983940258027,5.0322015465043,4.80857683882357,4.84181421440681,5.13842631089051,2.73823829747967,2.92819336664692,2.77538945004929
46,4.43590739266699,4.2503823016282,4.18605728704998,3.92258396525663,4.31660399208707,4.42648969310769,2.20970551961345,2.24991473355536,2.17959926555928,4.12850744498738,4.52642860430224,4.23020802597927,4.40112727326773,4.11153101052343,4.09061023447723,2.22742302779436,2.20147260092922,2.31041584067723,4.18553451919665,4.08341969903408,4.47493085385251,4.17265941029672,4.40226605136894,3.81094610389159,2.27159485670768,2.63002940150846,2.17496280092653
47,4.97875578056943,5.08428214605779,4.85003021324394,4.81443727107737,5.14126891539709,4.94515165569959,2.6960441490913,3.18901032156506,3.16977985794607,5.23583776650547,4.95740924801044,4.76702976293808,5.12017959277145,4.67736366434154,4.9708049907594,2.95691692069103,2.99195386210056,3.19483483653883,5.07535930747738,4.98753869513634,5.15288568126652,4.90236009693813,4.75075207652331,5.02592810216707,2.92094265905705,2.88889803008496,3.16322999584791
48,2.95732391323562,3.3771233775662,2.8434798128883,2.93709137363086,3.00744948269352,3.16332628162581,1.75710523020763,1.77647285861281,1.36907347867364,2.93667196545537,3.0654832535398,3.15193529657074,2.92938800052007,3.10660042061411,3.20655573762088,1.3418864501748,1.82571986804719,1.70620826485004,3.23331538438895,3.16834102663304,3.11635602778947,2.98677076618937,3.03445115285443,3.07290831897663,1.53973536479915,1.41514144764138,1.55982257875538
49,1.25090475387386,1.5274581993088,1.29293234433962,1.38522212606022,1.56460260991627,1.18683532150551,-0.0312580015254412,0.927831700695387,0.6545263879351,1.91237821261576,0.910928688494991,1.25862392522152,1.47891169096978,1.33500908363875,1.54402767632911,0.454682160874922,0.556591589538152,0.407251776431733,1.44497182052834,1.49264300728947,1.57924646186248,0.887949038348711,1.13751812864097,1.40067473206904,0.45152620535381,0.570130354791098,0.615075690602685
50,4.24899633952178,4.59084747509526,4.35889001775611,4.04222594158504,4.53552478146624,4.27128283819023,2.23521740110978,2.40625294796064,2.26828647921734,4.36673317501921,4.43948291333897,4.4891988691512,4.27653763977225,4.2425077299502,4.13125002074749,2.27954393615933,2.45594384622975,2.41983445754467,4.41750765770995,4.43837879241565,4.19004846974127,4.24008770694926,4.32228670826939,4.48199182580406,2.27298628478051,2.34917385089832,2.38974304654818
51,2.18305153095778,2.15136754189952,2.31995776380203,2.10600797199875,2.33611660202268,2.15084597068782,0.401539197742009,0.421650712616011,0.658595511566679,2.39627149334304,2.15665305832708,2.21105208738857,2.2451684812776,2.05662007017618,2.20994932319998,0.887534644977021,0.237152268993422,0.398751742241973,2.37056703418329,2.30261327874687,2.03232540316433,2.37919387776297,2.11481061535502,2.12403006508256,0.522002405447969,0.546105462905991,0.518749396589397
52,3.57719727174755,4.14629781163438,3.95501388430335,5.8691380563681,5.6581799712202,6.16144402055837,5.41482516431192,5.3167357715639,5.47783522225986,3.88984569269578,3.94680479718782,3.63977274716185,6.15688963343825,5.77246136511217,6.17426957870337,5.4465147015242,5.15887342352636,5.32388858037099,4.16965322671251,3.77343577220547,3.98513998337345,5.7430905999074,6.2919757027786,5.32595421813783,5.48655195098166,5.21213649776424,5.55822625409359
53,2.86006333660807,3.1117864616773,3.12140152081098,5.00193447411817,4.62946837287506,4.64133865701862,5.34861928332786,5.14021486217754,4.89062944544866,2.99775527105846,3.09619128161921,2.92452224857848,4.96098521942863,4.89035616500498,4.7556010084193,4.88178569402908,5.12447739093231,5.01948718936226,3.07774661625137,2.95480627341973,3.04613087994617,4.82275748006945,4.60629260180181,4.91771201585361,4.88413991637797,4.8952405203461,5.30231466663224
54,5.52002019540608,5.47555908192664,5.74087498416424,7.10240327940921,7.13759305170638,7.31279974743584,6.61444185994053,6.09316065491871,6.3237662210494,5.90235468460388,5.75052059929671,5.43504773300882,7.03769218510792,7.34635936215237,6.8651993277241,6.39044870347297,6.50727837742014,6.11047600476585,5.62240305286608,5.53055077329322,5.80568301418634,7.08142086906552,7.22505992178748,7.20412719892989,6.09048299619711,6.38826020482077,6.35929582290705
55,1.41796680116567,2.07745142511101,2.28702379664181,5.07882902653944,5.18843200158345,5.49787052027692,3.17858886417062,3.43746894707899,3.24857255293142,1.43099275299424,1.94902509316792,1.94028093789813,5.29712343298765,5.27561346676214,5.44050692517965,3.04854983337909,3.5761724938508,3.47020928669814,2.00054079323881,2.15765923144637,1.68172851509268,5.42430318451177,4.85320555513964,5.51907045979857,3.017078638636,3.48474346418296,3.45340054494212
56,4.46153240657721,4.57185359150405,4.86110577219865,7.14053028535918,7.18670641824451,6.95146088060417,5.82852672985642,5.87857086746603,6.12019537753482,4.50567004156186,4.33910451634569,4.85399928292894,7.00261219289315,7.10810534327693,7.24229426678842,6.09198378935212,5.89091567111539,6.0405016077193,4.37886095210979,4.58678755599466,4.64525254444514,7.12958064077564,7.07608153378997,6.88051438596482,6.08482573461778,6.15645340156706,6.09971602283869
57,4.93792617115384,5.19377693381702,5.12478375143607,6.67508652972671,6.66332564096037,7.02630441227771,7.65436908907852,7.72980772086875,7.76745037252279,5.25436573134307,5.0150489812352,5.00024424880367,6.59893713897025,6.58701464685597,7.02440308852757,7.79368429686202,7.69333897393449,7.72256474821372,4.93630779008449,5.30427695513949,4.97313583804696,6.83590880032632,6.61771361160814,6.87061517137723,7.83621787302979,7.73501020002023,7.64205609154498
58,2.67202785605589,2.79818387783314,2.92402073623514,4.72237789301364,4.7494859002222,4.71853815279966,3.71880806032543,3.96773021381844,3.83971963320004,2.84654376957548,2.69862747568884,2.89840403606118,4.92373756417613,4.68227356653175,4.3807593075284,4.1234926555156,3.73838905786176,3.61270597147902,2.8446206804748,2.49849488803447,2.66742148017884,4.79847263130544,4.73431026603869,4.91828468288415,3.54917335762118,3.79172425479395,4.00824359301237
59,3.89072931245485,3.82419927044382,3.89346092339734,5.2195057854955,5.52898159924181,5.58194567996524,5.4114978228236,5.41161636060208,5.23261987244572,3.89979472707882,3.78719295012697,4.21712597804347,5.28032443746143,4.99907494895553,4.92477879106077,5.17283255286816,5.83468212674125,5.60690903521355,4.07739278687846,3.74582195082653,3.69694923149799,5.34759668518287,4.89621118272462,5.31541798092182,5.44829214652957,5.57036769917079,5.42074554901841
60,4.27608205179257,3.98326664267025,3.84144633862204,5.28665878560074,5.62714565082597,5.49481224175171,6.19453937802701,6.04190996626043,6.04448772556568,3.95901618724991,3.98556881105113,4.19444630633227,5.5759348668663,5.59511775189333,5.10512930965378,6.11739696429784,6.30274235722391,6.27047707373055,3.99560265971516,4.05498995361116,4.26775594648859,5.21724262675697,5.44432986140882,5.22886329284873,6.15908417726403,6.33304274606435,6.11711496254955
61,5.7383297894146,6.4183350804556,6.01498550881316,7.39791140914656,7.20425167257089,7.47496159242323,7.06700725252938,6.79800960882934,7.01642085957862,6.20859882263113,5.86261761216948,5.8298740649568,7.50390292876133,7.2414410360159,7.4216253246612,6.9914675626537,7.1865893840927,6.93482124436143,6.01514644984792,5.95482848331571,6.07840544014753,7.46458408433742,7.46978139225322,7.40688081571647,7.19503199847469,7.13559088986103,6.88268060888239
62,2.64770539892919,2.82317057210603,2.2571240073144,4.44946180397308,3.90611437672698,4.04454134487524,3.77508031486476,3.81912118624722,3.82627526266498,2.68410272239242,2.41346215341981,2.43058897185082,4.12822525352428,3.91272905895205,4.24750513411902,3.50905091680631,4.203036376256,3.87636505863881,2.71838233221659,2.42297695824587,2.65602543177518,3.96724135782128,4.17944969359216,4.08912784864719,3.99205215170979,3.85654921024784,3.75298605310606
63,3.44007233962801,2.70050262212132,3.17020060232011,4.96288434287556,4.33573261230403,4.66137005467865,4.33197324121476,4.49837671575339,4.60555610582009,3.55311303724192,3.17149138714013,2.96526763820372,4.76804096700242,4.50487021633565,4.54550123838051,4.43752428269221,4.33519378916572,4.25468681576298,3.30008799716775,3.01615819156219,3.35317523201231,4.56469953851239,4.73925884100536,4.39427222874111,4.04070949174364,4.34613720516738,4.52398849325808
64,3.08956282566168,3.47004669705732,3.37018862768061,4.29868240979328,3.95024776332281,4.47195913435969,3.9898926652973,4.07740568452633,4.0585152574052,3.06908007101445,3.00410021040923,3.24807592121609,4.50095330753036,4.32972018287078,4.24902722268693,4.00066580842091,4.07731019001208,4.19181308746217,3.17831873517016,3.24114928595599,3.14581065133124,4.13872506572965,4.45462760005302,3.97002111979565,4.50462594248532,4.22543606935434,4.08918113855724
65,5.62149887185885,5.52687372130098,5.40435788781571,7.8694606636444,7.59071761014745,7.94776418182487,7.36588688014359,7.221225691817,7.30849500928363,5.47572177231796,5.71139069125064,5.31220237181608,7.77124544312883,7.66548013804223,7.96253790684969,7.25034385359212,7.37171388757297,7.41217728131958,5.57046769893696,5.63043696776376,5.78233176866352,7.92754809034472,7.60399059063453,7.49763451743876,7.33380223132323,7.2776642342999,7.47094091076658
66,4.02206979347988,4.32178029655431,4.01625308065827,5.83724033567662,5.99853308816663,6.09202252694153,5.66481766451252,5.71336581526991,5.4816896522868,4.12118402754082,4.25264417058563,3.99795667613309,5.9150700754787,6.24060378393821,5.78098642057537,5.86076040252849,5.44082377406033,5.45012853125091,4.2181017075577,4.0449151239659,4.19600483993115,6.05221704582496,6.00001861134429,5.80982741353842,5.57337413471751,5.56558493941032,5.79744029660089
67,2.41661448829516,2.10065649254304,2.24446864652567,3.90116139473508,4.0258089179089,4.17256572092191,0.136817828640012,0.0854542819598771,0.314823278564793,2.29461991323014,2.21951207607338,2.3308932866394,3.81336095281962,4.16843558048419,4.03308674572334,0.146404782878394,0.255788437498794,0.246216797158795,2.20756333656029,2.34422490710093,2.27965620422795,3.8470361420884,3.89820420843153,4.03255548908833,0.0211683371131761,0.313968845286221,0.243224066860501
68,3.95523934698767,3.75941303021626,3.73095858914737,5.70814618779108,5.82308861672845,5.7243630430354,2.0262203651866,1.99422266422114,1.77736330988814,4.44731911205172,3.72679641173775,3.99632375560671,5.70689494986688,5.37571859324456,5.21029861397665,1.95068768566435,1.89831396506658,1.97572516302048,4.01809320881612,4.19711654957882,3.75610975433445,5.13203732038852,5.81847653424856,5.60839077637005,2.04962678070027,1.77196626371255,1.94100314916358
69,7.56091164055881,7.54083296813494,7.34519398396592,8.35161378387579,8.45903174501036,8.18839695149509,5.75891391243915,5.74111359805308,5.8370935110981,7.3606466029612,7.52029036823307,7.3910740805938,8.48779828591846,8.59798344906844,8.22778847609644,5.62451534283395,5.76097482794823,5.86738641152547,7.53535922442648,7.46829762986976,7.20012174894312,8.36798859852164,8.45859328775548,8.68351202185635,5.82729930753737,5.81053233170741,5.60073859287582
70,1.48653795778853,1.38726314596526,1.57426872202952,3.98902763441125,3.99935144448918,4.26306295893516,-0.132926794740209,-0.304567578870172,0.17695704510228,1.38207701621873,1.31999483908562,1.52255631803594,3.90066221030757,4.86261884904004,4.31552697352932,-0.0358023944086953,-0.295732616909356,-0.293406115685291,1.7595009224789,1.45579776823009,1.67934702829001,4.0049112606924,4.04697327262568,4.08829553137973,-0.152778965546714,-0.160984283669858,-0.124849766788374
71,1.97580617214671,2.10155071673268,1.96604991128441,3.92511655406082,4.12227369416215,3.59702421948,-0.299505033367757,-0.478591298679526,-0.179428699817282,1.88515349288388,2.10927271823966,2.26557465844664,4.08009388428098,3.83212631464475,3.87684488730291,-0.335767579363895,-0.197297208190457,-0.477661397768259,2.30728537236948,1.69528794903548,2.18939691652287,3.7742794177348,4.00472434439729,3.90652778262299,-0.327822965868235,-0.273601201311561,-0.526674233086478
72,4.5175414863274,4.77225729712067,4.62195908311734,6.20757395888725,6.19350244988508,6.15455027854558,3.23210240374962,3.1198493256797,3.06959114213137,4.66298343744884,4.64585991797366,4.64119307669262,6.20006532239863,6.25720809949625,6.07134850231522,2.7926425600281,3.42859214170436,3.36576588607235,4.72298433234874,4.37455395099832,4.85280976517618,6.24588837118899,5.9912102568125,5.98284641107955,3.02062140001726,3.35510944614736,3.26836118251703
73,3.77439816526642,3.43888585079001,3.50215056661714,5.12206991167224,5.14712664545451,5.01439711874333,0.784027195535684,0.967641489026033,1.06414098588827,3.35341258784561,3.65323146082323,3.37482358590869,5.13771671394597,4.86811814303787,5.35916267289766,1.12012653841047,0.954605421326639,1.06611075751804,3.35289747571374,3.53192993825555,3.09189880330995,5.17576554695556,5.16363739837971,5.41536149044652,1.04181312420586,1.02108899358522,1.15778340113241
74,4.33720677321228,4.04535325287512,4.52220901858205,5.96713333195801,6.02828311996911,6.21666548547934,2.14723562250114,2.20521425153216,2.49507334893427,4.39442602813446,4.22901881909094,4.26621447032055,6.2077857980417,6.26854746744088,5.74435219567499,1.89830261381669,2.36763464735044,2.68864805243008,4.16082575413591,4.61846681698249,4.30492212850208,6.31863284265592,6.05307815608665,5.98098143357318,2.15037326597286,2.28111108777323,2.28288711747631
75,4.44346742751349,4.4193173048673,4.25146833874108,6.61638645861511,6.66159915023194,6.72708987407455,2.87372836263402,2.65408701800708,2.59835579136694,4.27851647154449,4.26538215667193,4.25631239111205,7.04920146254731,6.53214843545927,6.67071639887429,2.92342348789086,2.79143653910658,2.4626423218881,4.37087217456864,4.23728557947943,4.3202902389434,6.6550043840924,6.6396806240053,6.9857054148352,2.56964063159481,2.82976786650898,2.71598430344208
76,5.10433173528161,5.16592629896788,5.11253548170501,6.27183911636331,6.1307544866044,6.25084758959236,3.30621831693196,3.4455576332219,3.8811652816059,5.18432726036942,4.84868245798946,5.07603966775827,6.21953035865606,6.32904553650474,6.34528500866038,3.49885556913717,3.46003501330502,3.72003311056808,4.87911729324217,4.87485561068399,5.06895376199,6.21455687381476,6.37484604910127,6.22146743606359,3.7996890898169,3.89598487069008,3.55385638125152
77,0.240601968787659,0.699611807649417,0.715844061471708,1.504169217414,1.57319795685735,1.72397772447599,-0.781450085819814,-0.87321463468546,-1.14425594409977,0.677073105158981,0.647732536695077,0.564778074495864,1.54091740621028,1.39277250919207,1.7873429898247,-1.34244502318186,-0.904059333976218,-0.835012753573271,0.397793213227348,0.669854583315018,0.394593329792349,1.91727036804598,2.02147878287863,1.81406150620461,-1.65164149088077,-1.30319720877595,-0.605533142496351
78,0.916819287235653,1.28835031914213,1.45276449308159,2.66927294368677,2.89510543931529,2.96317724968022,-0.218309370221698,0.028027163202413,-0.498065168334322,1.48446722543864,1.23782872806396,1.50386713158219,2.75243107977553,2.77195081170086,3.16762360403668,-0.312214217158643,-0.631308940792565,-0.400157305956909,1.27975858159679,1.39792714455963,1.53007354180669,2.82742914932629,2.70221718874179,2.82206587734204,-0.685668289528576,0.165571077886235,-0.490082982726714
79,1.79647801605413,2.33640140254167,2.4522635629287,3.01922816003257,3.10944709131215,2.99832557050693,0.933488364846863,0.424143836175541,0.784653195949202,2.55617253030587,2.45572957055718,2.28602213755532,2.70393850323106,2.95519151985671,2.82997645508596,0.516901718973039,0.898672809367036,0.708378475735662,1.86907166742423,2.6841072143796,2.34519002008568,3.37505026375971,3.06959294857539,2.95933217131099,0.655656348417725,0.425995800432951,0.476801013754714
80,2.90199596917119,3.1114764776515,2.66869577887526,4.09332096417375,4.11580789556853,4.10929935954208,0.938808983009987,0.844904069957831,1.02132861298027,2.71645480962621,3.02966227773186,2.88283792549417,4.24804934786658,4.01633875914821,3.93262532813569,1.04367336299628,1.16730978554193,1.01206247739208,2.99482730844695,2.62820249951508,2.87641912732489,4.0803577073731,4.08416557330721,4.15460350404701,1.15648082074329,1.15368160714993,0.903989503831988
81,4.02596984939362,3.94151791743392,3.72585535137111,5.13281221890836,5.1423659184033,5.40229025246309,2.93046788119455,2.92936812487899,2.85436592591655,4.16647632638483,4.15385241793428,3.70031238835662,5.29863797303039,5.24501783950223,4.93292389782261,3.05949476070066,2.79344602328889,2.8066876911386,4.12329594779018,4.11119659017661,3.82611923206841,5.00052361917953,4.79580339735601,5.37160083754479,2.50711336366013,3.04842877930313,3.03284490805907
82,4.58044181715454,4.75522677447972,4.65190768380882,6.64551565640265,6.90110545958715,6.62431169966671,2.10450990078362,1.63221214895005,2.46015548281541,4.75641006354889,4.7674818788218,4.81539098864157,6.70759621092198,6.74355386702807,6.77147342986162,2.15474885440983,1.63025535108927,2.12761674990712,5.11160959804196,4.78162903506994,4.59939795632441,6.78784958571155,6.82976963539283,6.46773007096002,1.96597894638552,1.95930013372521,2.19979298457026
83,4.79615616975139,4.71929798375748,4.2933517868275,3.17127025025729,2.95539911490609,3.207151095483,5.61887018490049,5.82285715984314,5.276917496308,4.71954430601651,4.51849616193212,4.66278531833163,3.29492451288482,3.13159964644243,3.3599089067342,5.6556648366291,5.21032775352159,5.5664712261636,4.7444857754865,4.71963953071072,4.49313412525364,3.01698642320293,3.15078323806973,3.10596654575078,5.61927949577504,5.36642331381696,5.48864023655987
84,4.17900000998112,4.33715549035541,3.97790788992933,0.705308823895035,0.5004982428743,0.702856820961512,5.56097409506675,5.12229833781301,5.60683025337516,4.34198573625279,4.19895969255373,4.11328168469245,0.501555565844907,0.691342172492732,0.679002528882827,5.15876499176164,5.50165400905013,5.58187594796943,4.21740438098132,4.29716547446515,4.42296703945899,0.188307469478292,0.529078777749871,0.799274394473091,5.50219042416332,5.34411533632422,5.52467863730833
85,3.52545492899811,3.62821585947786,3.70022205632284,2.06607518519697,2.31135419017063,2.14005326646473,5.93058459949921,6.32069152233529,6.07439244561033,3.93933473186513,3.63039837914199,3.82212734477047,2.00613174521254,2.08272865061526,2.20143821684535,6.07813932756322,5.66834104041167,6.00396204997142,3.49249700216029,3.78652851895414,3.61679445391116,2.19983653996305,2.17593245823792,2.22215618370039,5.81320780172368,6.45765301960645,5.77887119072593
86,4.02439379204495,4.11198062576526,3.89987364468968,2.33168976136701,2.20339430977685,2.27223845142101,5.46218823390703,5.60546420601197,5.34001633652845,4.29207802941089,3.93952528927332,3.94636592653326,2.20474470889984,2.28801039880279,2.14392136587821,5.49235681877497,5.74458311579124,5.10645858845527,4.44996799640707,4.11508502462275,4.14216611098751,2.11135987697043,2.09022556024005,2.23495302967162,5.46490021743889,5.63614622719463,5.19481706405103
87,2.10241857930244,2.72594500898101,2.52193959208906,0.107150645956642,0.725552654466212,0.480932021867464,3.94538887298777,4.0050848236094,4.30701570853165,2.38746241361096,2.33396893342751,2.12427786265975,0.684398541875382,0.324594681974721,0.438589939263435,3.97078690498646,4.55298165173802,4.13740580372032,2.54520547973335,2.25862536791213,2.45306121075067,0.343355011452703,0.511540658479749,0.46321258250093,3.96687600710228,4.01739211133605,4.56132891807928
88,3.20751160517848,3.11335298002032,3.04206730307936,1.79525030965148,1.54335465486453,1.39297539181811,5.47625094021524,5.13201266341374,5.0342808135654,3.63777705758357,3.46339708503464,3.16370009287114,1.80864747571605,1.50233750882643,1.08964138964869,5.12420227076245,4.80787032623634,5.26801542391949,3.6498893736588,3.32678981269484,3.16699873607739,1.64203426648475,1.54390009886978,1.2133959603805,5.49885438073973,4.71470661672488,5.2096525477169
89,1.69808744933405,1.52183099267528,1.92822955032892,-0.021738091783543,0.041053629539225,-0.243877338072196,2.39939364503778,2.11957342965408,2.72491256454039,1.51512174264772,1.46958572931747,1.12925580701968,-0.028940328941528,0.345423374336323,0.197615896345236,2.65167681728104,2.55535442098359,2.34738971646129,1.28950221138613,1.27602249927097,1.29368403436107,-0.120581021939638,0.102194849812418,0.498775448820475,2.66130825007887,2.56624255135821,2.81382691169484
90,3.76508081361136,3.54516751911982,3.24902589925695,1.03835860752376,1.29856114585326,1.32362421916344,5.71739700785821,5.56475762906515,5.85762265264808,3.37389405820712,3.45706371788773,3.57490184068135,1.4282480565462,1.25731006522249,1.00876612505865,5.78478929675701,5.68932133697494,5.83325924523657,3.74714392468861,3.63772028570696,3.47099184536837,0.964491142771879,1.44169875113656,1.09405804066538,5.59337558202734,5.85128524814263,5.66409327951864
91,5.07786774211781,5.71296235592927,5.35396377734635,2.95172700687424,3.03873427533466,2.86563357408882,6.85717804114394,6.85847599327475,6.92918026798558,5.30933675418076,5.59696814142284,5.3429374636619,2.75135144620986,2.84419583975634,3.24380257856376,6.95305098480631,7.06988930123088,6.60035743322864,5.54313415284393,5.36977426430035,5.064451713085,3.1205245567475,2.90589040964137,3.07377539215428,6.50676331999946,7.0820824347572,6.84122602930526
92,5.01982879111839,5.5388701664485,5.58760767007126,3.96887324248409,4.27000453881012,3.97185369062253,7.3276824567194,7.42236057183054,7.28215065891496,5.68327089292267,5.26300987761349,5.26245237093761,3.77646773185604,3.99129611085714,4.41173280809465,7.19828750039613,7.25835376166754,7.30628126300095,5.19516837801536,5.21144191645055,5.51012850447096,4.27049061585013,4.13335978851744,3.92603951753276,7.10132188293208,7.40393130180984,7.37467888621618
93,2.83023122384959,2.84573963325423,2.98676817755819,-0.156683813564453,0.276932913887644,0.233381386195098,4.08820435711208,3.96563207064873,4.08780085473232,2.85326655978845,2.78258066209968,2.6990678935936,0.326196304361676,0.118312201521921,0.367821619560368,3.66596081697487,4.0468842303673,4.29458034473888,2.69088147416337,2.72479713562911,2.81624321363048,0.184823114486832,0.178571933905168,0.338123071390075,3.9658156767046,4.18592128998467,3.9719178138629
94,3.55161136523277,3.32509881754568,3.66518673195366,1.86176035433281,1.81700920239095,1.90530497569451,5.23036885931222,5.3464824340555,5.37851994887456,3.47795291690227,3.47012758376148,3.80721183774129,1.65725354678758,1.96961377021915,1.88266526250912,5.18623958303598,5.11739651051128,5.3887869204885,3.43465830576984,3.56951113143291,3.63492823589589,1.68647068699336,2.01146495687325,2.02544845837127,5.1939599789336,5.24318043217493,5.30391475310817
95,6.6716505300714,6.87765289981902,7.24867938774777,5.23448584315426,5.25552345508742,5.21565196729554,8.42556079201533,8.10893974500405,8.31605621416745,6.98298237964495,6.59715723614563,6.49580782697708,5.73059253292838,5.69024780932437,5.00600177440492,8.31293024986668,8.41228589130705,8.2956865659471,6.66369811483876,6.77054271885137,6.90819397521836,5.32362163634412,5.36955543728519,5.36641230382735,8.25687656834748,8.17282466794705,8.45752122591382
96,4.19747115362257,4.06735023342257,4.4750506373454,2.14166452952988,2.21441488991565,2.04522738178096,5.66994490259874,5.48095555821577,5.28339287397261,4.20874971188203,4.09870560968311,3.94417445577039,2.11883597585153,2.13245453530604,2.1116149703861,5.61329774669818,5.72631989966245,5.57579436586447,3.89037393262385,3.76318325464246,4.12240865523736,2.29243599209718,2.03945032055668,2.05602235104565,5.76415236060765,5.99759001503593,5.76548133446302
97,3.93330745391403,3.49220694373035,3.59767133181754,1.33877219954348,1.33973404780784,1.37805989018823,6.0177658391506,6.14922723896916,6.03318267892579,3.53142888316622,3.76339005415961,3.39975608403597,1.31270252097079,1.5926684135095,1.386535935108,5.9303890421921,6.04684906620321,6.18931481080519,3.61302191721327,3.51332431289649,3.99301077195637,1.38982365164214,1.05950035056486,1.31902334541763,5.8719886223604,6.35910039194176,6.25775594078287
98,2.73724917472556,3.23855017574496,2.94699617063661,1.43512548093721,1.74998645857732,1.78199507388857,3.76067218097168,4.18219469770445,4.04176368195814,2.88753966736206,2.68681215694869,3.01132391619056,1.74234141537017,1.4757771582092,1.85003659361826,4.01589860812592,4.00517475267948,4.09548038064188,2.99223448689088,2.80639611754523,2.78329454415077,1.61465909140798,1.52943521129003,1.90524160041045,4.0643883649829,3.9179746999616,4.10829398710648
99,4.40954368903291,4.34318199050842,4.62743682031115,2.23200393413826,2.28189577183726,2.19377424926092,2.27927502984386,2.78470932009792,2.25210044322469,4.75529524063546,4.64242917696061,4.60306821625687,2.46893145218182,2.46997070000596,1.63293825899522,2.16830759957489,1.98119311574849,2.29615272275503,4.58405029056929,4.92425701744237,4.39604865332256,2.0925322993915,2.42368959531323,2.51528033963669,2.30025155523401,1.92074264810558,2.08277319471049
100,5.27798427558434,5.45480042042492,5.5195434445116,2.96487212502091,3.21541995407981,3.2739713653369,3.50709586880562,3.52770203257664,3.81901668295509,5.12931090510414,5.49471604035849,5.3779344384377,3.29624745459477,3.07472685362183,3.20772589018946,3.65803900988891,3.7153976938638,3.7625891386205,5.23227820447741,5.39203426902489,5.5486162586164,3.18733220775083,3.10822597199817,2.77464482850763,3.63380365244472,3.69861109928048,3.90197384289764
101,3.56414540567204,4.11406678718851,3.98166238406377,1.17577415995824,1.64617066861454,1.74552004711949,2.8946373331032,2.44373414739837,2.45036685793113,3.60427715771013,4.12852566520751,3.33896637720848,1.54619354437723,1.71685273391561,1.79628694771637,2.80546759155503,2.57554408748862,2.51976280733172,3.73528297075474,3.85725270885699,3.97916658605265,1.76538405204721,1.5920458435971,1.54498562658185,2.55886475365076,2.30610630529523,2.87489561411879
102,4.50357018037565,4.76496729745208,4.51968299824999,3.39939271994665,3.16100693412574,3.17212501341819,2.71155784291739,2.61733873348145,2.52709698574135,4.74037705884648,4.6810909623374,4.47217028375435,3.1406097169934,3.30506039226383,3.03187972567161,2.91675124989376,2.84343385944238,2.4875036917363,4.50797253156761,4.73915305130135,4.36164626941328,2.96549521147509,3.07098910953588,3.42264193106795,2.86454729107378,2.72379059038314,2.67255914544004
103,4.36924781008683,4.49216924461289,4.80868602947823,2.74192352899031,2.76286070042706,3.1420137959472,2.23939698138881,2.0926765854158,2.03971775108568,4.84120683276296,4.73097185158394,4.69932974144223,2.67983046125091,2.84599930005732,2.61873461470474,2.06433926258465,2.06609330349204,2.12379020039812,5.02497152607633,4.68034252174561,4.56109524452588,2.62042572877235,2.56799243050405,2.46399520844407,1.96738305861184,2.206385321682,2.37587818322176
104,4.01914819109439,3.93349998682475,3.91382361203917,2.58574723197475,2.57127342535984,2.50210752924159,1.68035354353513,2.17278771298868,2.01219601917265,3.77529639634205,3.94328922744929,4.02274809057472,2.55935159628478,2.8931869956442,2.58341337576183,1.91521271484896,1.81181613234842,1.95792243505409,4.13624340331965,3.99189404152991,3.86057230005491,2.71387559069886,2.59880524619781,2.63638592203282,1.98879509322468,1.67746263530258,1.86225521052402
105,3.5639420055615,3.73873761699362,3.75144638256525,1.84891032569733,1.70908784766441,1.5100465975101,1.7108232028606,1.7434867371024,2.08111521294469,3.84578725655,3.54160727579399,3.26822651899205,1.62018315496303,1.69799161417655,1.34892085142985,1.74639870108087,2.31469424315735,2.22203829990812,3.29632644675101,3.29533790390748,3.40174405402472,1.68690628601154,1.20428642727605,2.00452916595833,1.86315879225077,2.20690048207343,2.81562972833892
106,3.41671253421554,3.26874119210581,3.07041581665468,1.27798410162089,1.60506514832944,1.3092119788393,2.06571602076069,1.48835495553511,1.83216929966375,3.35191129688892,3.15086347790227,3.16736337690354,1.4242671924483,1.59696465324222,1.62375425359423,2.03352830200623,1.50447487567812,1.80748469137516,2.9031622263139,3.17362448464541,3.15262201742827,1.55458787360285,1.43895553716066,1.71870882673536,2.04297871261167,1.81745127338414,1.68065968016431
107,3.72243017526876,3.74234376883383,3.81203985088342,2.05546546561042,1.97385376652914,1.68705407951509,2.19909513551067,1.83247085096357,1.76769973919458,3.71427653867292,3.90472748349427,3.78873610460133,1.68614430697019,1.93006105582936,2.20693392878069,1.7417533726795,2.04009135333019,1.91073970249692,3.64352482482879,3.53278737132623,4.12606212800786,2.18901812888146,1.85792873240729,2.02103367669156,1.88317800231056,1.61549013574348,1.87244380344943
108,4.77849860939212,4.53750077697229,4.59908019155667,2.32726974133673,2.28830292967555,2.585161846654,2.59440282328265,3.21607477095177,3.27046783814865,4.64966097159832,4.78715270486297,4.71867252747024,2.03413344946206,2.15821347660511,1.96505385614233,2.95216523838885,3.15677935962162,3.36343658478719,4.79918039356888,4.82804283143421,4.54627472571446,2.24797935590985,1.89299796584125,2.11695518946511,3.2774251005966,2.95617141997284,3.30462023050798
109,4.37431619204569,4.44850445323205,4.74709404338859,2.81582895483949,2.66601649385781,2.79782916889806,1.38840512049152,1.59991691791088,1.63708897679114,4.90354146669182,4.58624418896176,4.54721934637932,2.94620359922257,2.71436555001513,2.49408231297389,1.53314567498075,1.22157383873611,1.42695877661161,4.52583393006167,5.14198933560341,4.56546151766686,2.58061493524474,2.85845794552409,2.61631195785071,1.35617324660256,1.49692001990484,1.37464772673658
110,5.23034028909078,5.45179195074724,5.55242927157953,2.19499184691434,2.44931005531908,2.10346221472473,4.3966350357963,4.77976088341388,4.68317484369063,5.2153857497906,5.80417222339612,5.28817193333088,2.50440561423317,2.36042088058059,2.15575479083246,4.56298564853659,4.45506903812546,4.42671493283294,5.3879257667124,5.31739189842236,5.33157361751055,2.21586004174628,2.3294168631331,2.44053295589508,4.39557411411715,4.47702553854652,4.56941707261558
111,4.64560432716819,4.52125200027617,4.19385295472183,2.5863039945492,2.03373695699592,1.44032418548468,3.31366838202059,3.09703816912161,2.95403738106893,4.26718636671051,4.79062574941932,4.27393197103565,2.23765990775077,1.9190075639449,2.51102536631866,2.69674564755959,3.13876813666494,3.01588784427363,4.41857777544635,4.55502439226871,4.58309173933898,2.0616508128147,2.11551406048151,2.54383676118642,2.81605467324506,2.9535874671323,2.82511087758313
112,5.13196391317266,4.86673095043682,5.01782025626928,3.24517916508559,3.06054335859675,3.11958510025415,3.26526845098393,3.21141504289759,3.62484758423683,4.91722725306211,4.71110063073409,4.88107552552518,3.44063597915106,3.36807531134129,3.27391351515636,3.10297420270045,3.54690691374609,3.22812553611308,4.9947716326771,4.80285861864772,5.24290249247362,3.11207885163149,3.50777531935658,3.11841779069456,3.05910026255327,3.30042896791183,3.26334242676119
113,2.75458197544828,3.51626491340382,2.78734212264454,1.16701494154498,1.09521978184941,1.16024709078049,2.34448113264656,2.18856137107565,2.34972169767733,3.15689364182961,2.8956475200507,3.26607094055125,0.799458703062589,1.27371577323894,1.11289415860048,2.42103520379197,2.22365440340816,2.16598632752662,3.15165407077448,3.06524058757159,2.86913584705637,0.958567238638857,1.11470203759862,1.14267287449465,2.4750684360956,2.15858320366737,2.28471999268793
114,4.03988882430157,4.44880992289453,3.70030640563284,2.28976364899492,2.70145245232317,2.43588414058699,2.07099625397192,2.02888808149606,1.99017666561113,4.10097222580231,3.77343414882865,3.7224971938541,2.51810429378554,2.56767379789304,2.74184198589606,2.22459615309084,2.00008419408072,1.96896297092294,4.10141032674173,3.95379493788287,3.71772050286118,2.53034550920885,2.41935331844502,2.77456955169188,2.33521817795951,2.24906283382175,1.95151397939851
115,5.25963556800621,4.96212219872959,5.54767218743262,3.21270981652263,3.21090595267132,3.47631887629932,3.42827911201364,3.15842750270071,3.16208852815741,5.38539388841426,5.24747564598291,5.13933731470379,3.37150049958878,3.43597806326884,3.38794670072296,3.25772379932565,3.19488852924408,3.08934686032378,5.21132059243444,5.39662133083391,5.3350330159036,3.44458603878995,3.28976613521955,3.22135646824656,3.10382620246636,3.09230366407626,3.30160840309863
116,4.51339659427916,4.98588597286542,4.86901873456682,3.94990035620613,3.48627286170345,3.90425914156416,3.14705003211954,3.59703296607027,3.048382289639,5.33078374942542,4.80674424884507,5.05925070491018,3.15915992437835,3.33311390341411,3.36627956409709,3.35056746408015,3.50708614636229,3.06999815619633,5.12329766913051,4.93176949603889,5.02255965542084,3.6031963685754,3.36012046063466,3.30892929730638,3.55540907930702,3.17053550868475,3.19630410075824
117,4.46910048262297,4.2489962959755,3.88633026375818,2.07174758767407,2.37071275587017,2.22261378176286,2.3563072313112,2.37396301442903,2.1414258087196,4.35256804885635,4.11053514513743,3.83691569125528,2.50557610378479,2.16705814106328,2.37799231964669,1.9205696533178,2.2888306726706,2.5185188964459,4.13478016631812,4.44661452711563,4.02509419818596,2.20060378162057,2.20206632223298,2.34662608403237,2.20063930117932,2.54656258278232,1.97612185003489
118,2.92898707634403,3.26692469905619,2.85919696097091,1.55523939642383,1.28188541797168,1.50584703563711,0.971415219428657,0.492175984130704,0.903626343637567,3.54949157037775,3.04123826202937,3.26282197794371,1.82110253105063,1.09698526873084,1.04230589839811,0.685481129908687,0.787582838090132,0.830283728693228,3.23713058916798,3.07797635107006,2.95841593782038,1.24416240024964,1.09292897752576,1.52646929327947,0.674341448084202,1.1324752935206,0.823614958182904
119,3.96500963327126,4.26779467276691,4.26644789255483,2.68619934410323,2.5717099542473,2.98715704829817,3.12646672583561,3.08621219078733,3.23239632068211,4.35274480683512,4.28698679608982,4.09063244023549,2.77644388330153,2.82608757663982,2.66155704902896,2.86154165185787,3.24093660107891,3.2268855970716,4.20264540942166,4.41485522983072,4.30823764905319,2.94903648922875,2.71295291789127,2.41578279954921,3.12879396859522,3.01889714591264,3.13188269593347
120,1.88512507888933,1.97702392949254,2.3327646294915,0.983015884169437,0.530737353307053,0.633270229797669,0.279303588554239,-0.00203229729777535,0.13651312155291,2.48144205251339,1.87887356282426,1.53278311102981,0.607088776944938,0.875839876082079,0.958048698727038,-0.227938575975477,0.233463482607198,0.13600968087822,1.923267110694,1.92514443631468,2.50675057361762,0.504410239351504,0.250144616299371,0.914936405839481,0.0851047790950666,0.42594412972721,0.08580998718657
121,3.47065995383331,3.11037530610223,2.81254188917723,2.31606707094084,2.6255289959808,1.98338318883393,0.957915707032197,1.14500474829115,1.30586834789232,3.76462031347511,3.7114141222139,3.3809545863081,1.80211669956794,1.1924467472339,2.05704106561868,1.03567663535955,1.30373640892576,1.43905172632118,3.40596642835235,3.56564901181673,3.03211203235877,2.10378142478682,2.30908071507964,1.83836637846216,1.40311446274306,1.0814012506972,0.978914512885754
122,4.12128072230909,4.04695348372057,4.06431687073686,2.00433656354348,1.93490880304816,1.84404960023687,2.45773036468798,2.70556825753669,2.93578868185537,3.97000833999799,4.25150857154163,4.16822657755426,1.88732717821201,1.70791661642435,1.82134855095057,2.60892756714574,2.87034582696605,2.94481826183702,3.84805603789528,4.2857895506423,4.20098632990816,1.94025892893245,1.69961188829667,1.79240506218722,2.81513881040471,2.82713310252672,2.69547954128022
123,4.1624223679844,4.40612190771632,4.2514094042852,2.4541643046924,2.43772417816383,3.36135917539971,2.15194523261149,2.29896519370808,2.57962713101884,4.05729266198545,4.27805843778942,3.96755518119096,2.96389648651672,2.94948076486453,2.83558104686658,1.86267670083747,2.52163320079084,2.57637574290193,4.30624731798519,4.03954364547089,4.15049813338133,2.73159387828018,3.02822547693104,2.95622400443451,2.37416679097584,2.48479778392359,2.06802517225101
124,3.89354183239687,3.94234167782514,3.60646614150047,3.40269254991824,3.50734524800267,3.67283831178578,3.70043043250796,3.77496009692628,3.73820382926685,3.74753161838812,3.72278095868142,3.95209373982918,3.81765632189062,3.64741367737513,3.44809108863261,3.88996595677915,3.50897013046147,3.73172480495494,3.75873068462643,3.72829706650898,3.91122352882799,3.41366842118739,3.83839063127347,3.48398898570812,3.86318760548939,3.92676714356244,3.56593061635726
125,3.85561887686214,3.93471641455595,3.66085682066292,3.95729040831682,3.81154462173862,4.11530072679841,3.70455164798669,3.70138372642015,3.74863275672318,3.8834564437929,3.7258302801997,4.26757883310248,3.84000777067881,3.82696029732485,3.68970310047256,3.52706305371061,3.76740356536845,4.15008890607907,3.48159208645367,3.96518334343466,4.27950219569415,3.84726929182799,3.89343375822461,3.85381833469065,3.61750961924558,3.87270206025855,3.95111198356894
126,2.64208938651518,2.82133591098466,2.49192658637645,2.89507173729084,2.23013688092269,2.55795713276886,2.68820946707146,2.80283504606528,2.09844278060791,2.3322703714226,2.60315593078479,2.71213856969555,2.69750499695971,2.5595399961532,2.57696140259228,2.6975382081393,2.75993502599365,2.10555750729872,2.8048069803254,2.49285762547137,2.86113499632448,2.26878382418472,2.56992488029475,2.68493500142872,2.46322387922155,2.51247100955121,2.21897396615919
127,5.53820501797571,5.77843051912426,5.77403194490418,5.75302852692485,5.79042243048793,5.74880651756309,5.6643553297219,5.78028216148651,5.46720289479515,5.60267822987025,5.80355104690134,5.83846399358292,5.41725992128899,5.75224101184872,5.39082366566735,5.84386134967526,5.91641476415132,5.53384155802505,5.69783908966398,5.81505165766768,5.89038378620858,5.73820846094403,5.55744264933044,5.51613070499844,5.44992604430524,5.70648236976771,6.0142626264076
128,2.90997823041475,3.08883916270298,2.80858305443358,2.70216464072594,2.72140127036109,2.19627781082239,2.92015353152846,2.33105799131601,2.53899063444976,2.71790757979657,2.85277247011024,2.86813262184903,2.77894004419878,2.64046144255489,2.64899767245734,2.28432975835519,2.70392357259584,2.53582321568668,2.91037161872264,2.77296845737726,2.8147030472157,2.6634898516081,2.71090412261415,2.64913457462846,2.27404125033572,2.45564539258484,2.80144835469133
129,3.32915283174583,2.97010448644068,3.43835486551655,3.06595632165766,3.27518292935732,3.32696259208523,3.09415525881133,3.20390430875726,3.14640697748357,3.57000348440367,3.15796899512713,3.32178997867235,3.01319986332377,2.9678590060757,3.38211682996117,3.07193730377068,3.1458121068411,3.34845152846968,3.15101646467237,3.35523789027665,3.31270282596077,3.12941047784165,3.13305009204484,3.21896392923969,3.31052457608348,3.41902950828334,3.10409561589531
130,2.50451292104953,1.81221518591414,2.06393351879599,2.26583832047154,2.04234665675569,2.10843314220704,2.31439724787242,2.30800726535559,1.92963680140487,2.39661965086289,1.93642831000155,2.18926693524274,2.01781218611784,1.98253649504813,1.74430788103457,2.27049455037038,2.73983851965941,2.05878160832915,2.24583040344317,2.00912437742537,2.45783097738316,2.33780617116692,2.04146037657054,1.87680818328266,2.05326292951253,2.03292657029542,2.31647338364158
131,3.41849888543553,3.87296405383004,3.6214185431964,3.629241275066,3.44857637960082,3.47387481916477,3.56016504138503,3.46027728499128,3.52206379401503,3.75651647379267,3.51810992951117,3.55267788609471,3.67757799697172,3.66659186768792,3.78529605228925,3.44641614554161,3.56737193436121,3.34882668692974,3.6462295577853,3.3921082461911,3.92420893069263,3.52716610761753,3.78936950211075,3.24728618479755,3.22839925932405,3.85147142445579,3.69611767161687
132,4.62620696404451,4.45372575870439,4.56685259111451,4.92263865126548,4.76888250916773,4.40113476300191,4.52959244278079,4.28563611810621,4.51460961305967,5.01694856470684,4.53318813761679,4.8581743977017,4.41055631660747,4.35728463507548,4.49620422022995,4.38226253747378,4.45301823222737,4.46149404728335,4.7214159663817,4.48931346823642,4.90486246914646,4.33491702152526,4.31956172794216,4.53432616498163,4.42591777989315,4.78180716780322,4.52023116714759
133,3.89679475842505,4.27917439245741,3.70320741802342,3.6274928583473,3.80998675219514,3.56228024477044,3.62331249374226,3.37924299703462,3.58217127366775,4.15200256958134,3.6874887406701,3.49490433250007,3.75498316005819,4.11362123433169,3.48023959181567,3.58823888623534,3.76700929606537,3.62043628967885,3.78615982233139,4.23357858968489,3.74245263647541,3.50838194358963,3.63582438551132,3.32717148961117,3.80463992408653,3.78318564552282,3.71981768579989
134,3.94037491562867,3.73411106547433,4.02659413760362,3.71511169635313,3.66817076141524,3.47742861056577,3.67822745314005,4.28260201862192,3.75207811812613,4.20269653677941,3.57041582462786,3.87271892568582,3.75640780955861,3.83601291775807,3.65247279842184,3.73154687969397,3.59567738696699,3.86735713446153,4.02107269038239,3.72080634311132,3.9938261529333,3.44124191725892,3.68434097756077,3.84651951637593,3.82925006717611,3.7292885799197,4.08662254161565
135,5.44215388710503,5.70873385458067,5.61744842606598,5.80349598666143,5.76252037487465,6.1237642686711,5.97021158595178,5.70437074874041,5.74484564183186,5.83669355631104,5.8224362936496,5.80078463059837,5.4947254908856,5.85408367059093,5.77501212703667,5.75300072783056,5.66262141551109,5.69539574167728,5.86575143060622,5.69524965898848,5.88811557208998,5.87888024955575,5.69005283460854,5.52238543164141,5.69854464781371,5.86569155530676,5.63266980059481
136,2.902320819647,3.06426575607581,2.56111216491722,3.17747307825739,3.17825553608842,2.98186187373467,3.13174637768351,2.96270471643019,2.65351655643692,3.07299015627109,2.77044558132115,3.21609651643355,2.89878011066224,2.66489861398762,3.13948804324076,3.11822337921592,2.71483850345345,2.68401987505988,3.16850083435267,3.42607646332036,2.99081454587184,2.4585261300633,2.9083208184053,2.94138416735911,3.08709419176778,2.7517883056363,2.55315983172682
137,3.42805632129092,3.0165550982557,3.06321607503081,3.28828953541467,3.07025405407536,3.05133031275346,3.41135541250774,3.02529354968906,2.95278418029711,3.06549309431223,3.18846464365667,3.16807072308919,3.12698590903238,3.0793734759846,3.23581516654588,3.23276294029157,3.06524230337928,3.10434829748798,3.438930339094,3.30408635129956,2.98840084223396,3.2788145614896,2.84513860506952,3.26132849362027,3.06994689078372,2.87628069227419,3.12228106806376
138,4.82680586100763,5.23224672205483,5.26064234205832,4.88112254370752,4.91523272923993,4.77432131037508,4.89341853640007,4.90121898642053,4.76483877315844,4.87600325483602,5.01520535413911,5.2750769563342,5.07946938379877,4.76840096666527,4.8656538522882,5.00643243942612,4.91333246811331,4.58035891775654,5.07917698263599,5.19515641675874,4.96120857872908,4.93790807869341,4.94976558599728,5.19118137409563,4.86340070588567,4.61731975394053,4.72735742344273
139,1.63032278635012,1.88226582736909,1.77927071053212,1.14805803875034,2.10086079445542,2.10932355970672,2.17241521381114,1.8419268327042,1.52507948154789,2.33291683254977,1.96799932666397,1.36054794904066,2.06120437124142,1.53561370637434,1.63435862074389,1.95219241479098,2.00896118755684,1.6919726452094,1.91378563780588,1.88302115398995,1.7373930450995,1.8523119588156,1.82129083436134,1.5800465818333,1.98353408371197,1.98716683287459,1.69040683365103
140,2.04283788492326,2.07948158367021,2.29699853138905,1.96902826720759,2.08339384922753,2.15415583626036,2.05054226192316,1.94512195558051,2.61757811594991,2.00748846539185,1.91854891585309,2.29782727288718,2.41002384988673,2.34671159471766,2.31640929417378,1.81895302099341,2.14306404041789,2.35203663748488,2.07090571850636,2.28505362725119,2.49004101676522,2.00107406121416,2.05263717806568,2.05987988422343,2.04592333146314,2.25910308523638,1.7643882396207
141,3.45801093599047,3.53512789928253,3.65471498974546,3.23841896727775,2.96509323960733,3.38432593162249,3.29895595057745,3.39546812873981,3.27931458926315,3.34819774065307,3.34197850740944,3.53902468002919,2.97104707659348,3.52278656336459,3.61255744049501,3.31117050827076,3.48026034922109,3.15394090716582,3.41605797029007,3.33660505464588,3.38229430312952,3.23696503331339,3.28886181264106,3.7845645878207,3.44022044768621,3.33336558555434,3.00798741095964
142,3.06689489018896,3.43850685305147,2.98381712070741,3.28781629041238,3.10659121687842,3.19649922032539,3.22031994416862,3.27826903660853,3.18223966917337,3.37396537176383,3.10140175514611,3.38937606941869,2.92852342042829,3.31281269033849,3.21646041958402,2.94261080566734,3.18154235678275,3.37642970084555,3.12301249470957,3.05482410841948,3.28418359829241,3.40942682229493,3.46151507298816,3.11703566645695,3.0821364799558,3.16237640406749,3.19259703410042
143,4.28110479950456,4.76953678500652,4.3295319399063,4.11370665639714,4.01267280707033,3.68912522973417,3.95234718981039,3.6028136602712,3.93592529402875,4.5070259835442,4.34279264667332,4.50131475873784,3.81760032605108,3.70341694335402,4.23730043503129,3.83578882433113,3.7018792261281,3.98072471770872,4.57357530213492,4.29390276191453,4.28987517186052,3.7037184315073,4.41430167323448,3.32963601673788,4.10054911613158,4.17711318170052,3.9102722001068
144,7.73583109481385,7.63960758454672,7.62291247473779,7.3517431651555,7.08081181553637,7.2182758683633,7.63505502957994,7.24060928229465,7.2391321554025,7.25686166245931,7.75473986622004,7.55231648795498,7.38872421955335,7.33380660437074,7.59841070601695,7.1449017184914,7.36864965859001,7.48248608725155,7.59526796306116,7.18575648927395,7.52309030759332,7.41167985539011,7.4073437803795,7.57637560911471,7.49633800886127,7.34362403243204,7.29403325083677
145,2.65575595841055,2.58287504237574,2.71462748899964,2.87497955340374,2.74886968138136,2.38204854208268,1.93476327893589,2.66670492442207,2.1774541781347,2.53301887086421,2.38891593902269,2.93179574875449,1.84663842914216,2.97774814966451,2.8008408773359,2.29176613521481,2.48320218803006,2.35814964540512,2.95897619590666,2.30999701912391,2.30050349387327,2.57838925934698,2.16148793859197,2.99134731088198,2.61217372498196,2.6583577722607,2.42839861843777
146,5.32859718572165,5.16773869977975,5.35106456719287,5.0960961080458,5.06200673005927,5.0984824603394,5.24516894466692,4.91654922232933,4.94466784445715,5.34768730784971,4.96750337329455,5.11046548720549,5.33589757406792,5.19158287185747,5.1180570176781,5.04209105638516,4.94096910312494,5.01115882586715,5.0722228565946,5.14755610636063,5.20386364286215,5.1809060031417,5.11650579206182,5.49456899369965,4.87993533356816,4.85647772505785,5.29980142961518
147,2.11864957461871,1.81207952131731,2.09747416870639,2.20057523765527,2.20725996800096,2.40709947996483,1.81172811934241,2.02926113626794,1.86373221209254,2.35309272206917,1.92480918448076,1.71934041191295,2.33146103486368,1.60066149999865,2.44069242736086,2.2154476340751,2.01803021573071,1.89701948306257,2.22807225423826,2.1519801578013,1.74841630439615,1.98732408044884,1.89474227421935,2.06040605558142,1.66434017654389,2.38842629909974,2.53253504180779
148,3.8268476371924,4.34122678576015,4.39439487769553,4.12829143416572,4.44091900577144,3.97647933539505,4.09071865084143,4.05694189503709,4.10977946336819,4.37911396284657,4.23151167512092,4.20845123425614,4.06678038667071,4.04020869139108,4.07080067781384,3.93602710687078,4.18415347030587,4.2953254049264,4.62460530337946,4.17376829640443,4.06765725898068,3.87288435767751,4.03660339038664,4.18301949082882,4.21531782221031,3.82286132373229,4.41034913558929
149,4.54612047221113,4.41398990539232,4.49797553060534,4.40438841757141,4.26921179428597,4.48716952246714,4.83042962408581,4.47833602935582,4.99934657398267,4.38878543519985,4.3399520048223,4.58341499705586,4.4080739537894,4.50145989481219,4.79391214998996,4.91703523147753,4.77219248872413,4.23038450657648,4.76762699002397,4.79692189000975,4.63406956243186,4.32962290226753,4.71893837456391,4.74907546902691,4.46599807891852,4.29638321689409,4.30050270102214
150,2.98915931774363,3.02680493488219,2.9435296168098,2.74267317784518,3.04890757603906,2.97593342471414,2.89514641439751,3.00143874618967,3.01406411530785,2.81087950686151,2.96289174905036,2.92732344918303,3.11226904825774,3.04172893338345,2.77684922648527,3.14283061503311,2.91528623151203,3.0593793054023,2.89301541176734,2.90594249854502,3.0386604849846,2.99134959792041,2.92738000774062,2.82097192254094,2.97829787288861,2.78136948628197,3.27628368152964
151,4.14378733022167,4.27478973603371,4.12102088893426,4.11662200713087,4.05146004765084,4.03751897594181,3.85670634457037,4.09366042139535,4.15517673696567,3.91516593616407,4.20463023048093,4.323651938267,3.97103558314588,4.33802774826854,3.92700832363364,3.89801385385264,4.03987605732079,4.05517286803992,3.84778494657577,4.03439709164279,4.4922884950432,3.91340238018467,4.29361896011807,4.39370653259913,3.84040878218283,4.04125526720794,3.9204622466083
152,7.41156520866915,7.52321343601201,7.32938968511515,7.05404466376551,7.48889568240493,7.03521911194429,7.18148791518567,7.20530682451979,7.36141829736085,7.15844474798436,7.39419324165432,7.36396435378103,7.36246612218824,7.35259374605015,7.30932389749654,7.15401332472872,7.17061737275737,7.12815220819697,7.26982446486763,7.40092713960835,7.72042602181558,7.1444629195175,7.50760039006394,7.36918556147149,7.05620475776339,7.05335365517921,7.11664407311281
153,4.40226255172717,4.1824733083949,4.27291314818314,4.12593600944913,4.29528417831277,3.6018673764258,3.96129733692787,3.98569530499647,3.9866529820558,4.21418083915016,4.33088243460935,3.81335489254377,4.17952000451007,3.96925126441503,3.97694451733866,4.19489806381569,4.05505976342459,3.81040539327462,4.01104377991957,4.4866473630512,4.50904651557233,3.94121174618039,3.78733312731077,3.97082722628857,3.9231373794153,4.09494177578152,3.86593438538619
154,3.71678612088294,3.77085515800345,3.76528573508693,3.61945727529923,3.66385146786378,3.73311598324949,3.78033571914183,3.72219852706548,3.62492947799145,3.71636698883108,3.623292596866,3.89025549535915,3.72579429290184,3.78569825429043,3.65513085367821,3.76453606714244,3.56175190870689,3.61728424539366,3.91012268668436,3.65883089046663,4.04137378095203,3.52715363613233,3.56532237291953,3.47569887853643,3.6260002857285,3.87522448177907,3.71181697121186
155,3.65697972771646,3.96998269382573,4.13541880681656,3.85729003688143,3.8462138430842,4.04321325448654,4.17318498816561,3.86649037949055,4.17169576406027,4.01392797501614,3.74340518149102,4.05732722339577,4.11187767666397,3.97068630115841,3.92828758429004,3.90590728152381,3.86612403448948,3.90944162548576,3.94666403686077,4.03523859666189,4.19910740982399,4.12427698324061,4.02735643974439,3.71225227043242,3.90180428419107,3.87614155271036,3.75374038774694
156,2.36395592488976,2.85875382499976,2.14028730223187,2.80846780510625,2.35610205508247,2.31723226802499,2.76736010532125,2.49586259204502,2.43980846771379,2.93548687951168,2.42376188330486,2.19396905255154,2.45586396538934,2.64886695433257,2.59140996032727,2.49963148807507,2.4894434086952,2.43622546542424,2.34055405397973,2.36033070821789,2.40140271564355,2.58571580882063,2.92213710854228,2.51783585642969,2.6805351430207,2.52058949290621,2.5793160790101
157,2.72223456294928,2.71129135473074,2.71279776569035,2.52739068032294,2.65428909273432,3.06269781819966,2.87954807431669,2.79689192973948,2.8871504334406,2.981996823467,2.76257785599108,2.7596094124699,2.75655844161077,2.9953388627198,2.72808864322554,2.70910278837623,2.70879025066532,2.85303527393015,2.67612427706744,2.87695628554175,3.07409441576597,2.82812821910745,2.96850498987702,2.80431714859075,2.83790126879138,2.78624925184944,2.49427079040416
158,1.8419980077844,1.55320734394648,1.55526552323507,1.44450828804035,1.97738933999161,1.70625608590016,1.28513515113382,1.45906341471516,1.53979263182996,1.93914645505384,1.22475332369465,1.44018829926428,1.98199913515486,1.09380716966707,1.74729022906289,1.62901988869798,1.43290239197033,1.42723933526028,1.66487338874433,1.98359025668277,1.58050115190763,1.2384074167474,1.50479606036137,1.23464258982819,1.5945157412553,1.92189452861921,1.48053449689628
159,4.43831992895271,5.33083218319525,4.55822470746049,4.950116826054,4.78624697712754,4.51078999892095,4.95546942585091,5.26613433358748,4.69175953935399,4.88558676300799,4.53923571161043,4.78007191595224,5.24418931002804,4.66681977813585,4.90591764132602,4.84766436167117,4.80143009705796,4.80614356305929,4.65433877873974,4.70857920423939,5.35599139253936,4.69094730738073,4.61532150547421,4.80951676993867,4.61189029425488,5.01375204355645,5.07702604999108
160,4.32865450344861,4.38467717958212,4.55984935586,4.2364635809068,4.16267442639818,4.36022281794393,4.18111522311581,4.08178107276377,4.03171869229959,4.29377248049627,4.33512028910391,4.23782581608524,4.68148536694035,4.54008783283928,4.19829893908909,4.04818404164485,3.99938802886986,4.09013580786462,4.43462058173831,4.47441751244697,4.3532420957063,4.24963586130713,4.33194759008622,4.19663270203295,4.05446119841988,4.15907506237101,4.07260400180714
161,3.65612667471187,3.63011893165137,3.77545770940691,4.01868187909969,4.1220546135389,4.00986001091492,4.12276232492194,3.53660720927968,4.00961761142979,4.2007997955553,3.83479051941216,3.58470713455925,3.90846013313929,3.86034287381677,3.96705255352409,3.67331716181971,3.87592846326825,3.91226744532785,3.91922278062573,3.88153998897542,4.04955803046226,3.84235200625888,4.14035143853555,3.67298017926376,3.78124177589985,3.52431378168742,3.93693172412551
162,3.25922454875017,2.90537230332965,3.08429006486291,2.64767280322157,2.84807589880824,2.72115730442723,2.56695848087844,2.93913292693118,2.97616805361703,2.92315460322635,3.15330272601268,3.05832914101299,2.82120650565388,2.89073511524324,2.30617373609477,2.81403750867873,2.87948686728746,2.96672950544079,2.96820684514432,2.61634789789909,3.26105685770111,2.78972990368302,2.75899778163874,2.7888107449385,2.96077512431716,2.74519002343893,2.83627779446837
163,3.5023629758802,3.82133679627666,3.59157079567938,3.53378319750228,3.76814953189295,3.5316729225919,3.48285652900683,3.39511337135349,3.43222171337721,3.74484954176881,3.61551993249229,3.47848358273625,3.83294557745749,3.57324954811652,3.53823636779506,3.59526003648795,3.27433927029932,3.32225715187082,3.62031546318676,3.80219739886922,3.60521126742086,3.218853462874,3.76973642418555,3.69890237269256,3.5029435430202,3.48519019733812,3.69893983032595
164,3.81475736775076,3.778765340095,3.77333544793883,3.96562988001259,3.79660050684395,3.96206544759128,3.88033970359161,3.88253131779916,4.2070251163855,3.85272544649991,4.04134268623318,3.61847642007906,4.08520433736987,3.80525746415588,3.92428795346681,3.82712730224242,3.75664929164148,4.03647422928342,3.94214424308792,4.03220804321518,3.71440824202201,3.94386827145925,3.94653072285977,3.74225271080304,3.79628399810653,3.94728786905569,4.02169284359644
165,2.98512302273029,3.41551678780994,3.02613923041538,2.82229996555199,2.96026857152821,2.82168815120228,2.94868153996044,2.9194748211397,3.09024246014971,3.04591401576634,3.33961314455432,3.05342726740601,3.03284891114024,2.74397985457015,2.61238397205771,3.05547817245871,2.89573414921087,3.02883686970147,3.22400302242361,2.89602633276454,3.02007257033336,2.95996492092229,2.9117940846077,2.96666225745751,2.74547527473737,2.95034354713118,3.16020865374189
166,5.20357717258645,5.35540538902681,5.59332100172531,5.44113682574926,5.5847507785435,5.16744849777018,4.98762235151431,5.25485537594814,5.46094781534809,5.29063650411981,5.57643537105927,5.66335657423558,5.37621229277866,5.53706311002554,4.63563489879239,5.27072218339054,5.30044571329779,5.297103861514,5.46870263375623,5.4915063573979,5.46281808213001,5.52629512585254,5.08666813573937,5.31482769395969,5.19916083933355,4.75819354086248,5.31054272798779
167,5.17682124007571,5.1527357995558,4.73536147479834,5.01098134520915,4.79925695017653,4.96539704739721,4.73876227109513,4.78391916774848,4.79410096205402,4.58430144624133,5.02784867537086,4.60950124072021,5.22107925500503,5.33905072402842,5.04356876406968,4.99397189864931,5.04937570059117,4.78410407331878,5.03781968675105,4.94245427182391,4.91947316530521,4.70242491333753,4.9074119302342,4.95766978390268,5.32959145394046,4.94737477754978,4.71977535747611
168,3.50365214001246,3.69781851899253,3.54899138036453,3.257290091864,3.54282919437743,3.41605072028555,3.39258617313268,3.26378618451238,3.51117686210225,3.81382887741298,3.66212714679186,3.48685255997025,3.07601043023503,3.3793840280643,3.59895887453767,3.32911978765767,3.50694289954151,3.27316988746311,3.79145676540624,3.41056748914162,3.38991342527952,3.41724970417641,3.51915451085001,3.57734561526968,3.4333513792556,3.32530643180627,3.37199821393733
169,3.42849204402445,3.88782293781098,3.58961510020282,3.51113469050716,3.49007492303404,3.52588180218189,3.46324418310395,3.21421203552794,3.40523652094763,3.4722664344642,3.42319169365283,3.57231459022587,3.45343461992864,3.26368960744598,3.6360476754614,3.26521074776302,3.7160719529048,3.4597572299212,3.51016707465258,3.80524695000152,3.45031139531614,3.48883174989515,3.52391636662874,3.44947290417748,3.60494120452793,3.34217816831265,3.36180268898817
170,4.00304181230083,3.84499374079759,3.99891488006214,3.82659488035337,3.85033212886468,3.95132198426042,3.98304139367255,3.74504702137932,3.90128809298836,3.82153155184975,4.00020840153377,3.77376376978053,3.93027037498346,4.31094880584613,3.68132717904528,3.89058652114766,3.9775275281834,3.7150433389121,4.01001198373878,3.6768362388513,4.11866115877808,3.87349092698426,3.92191167675769,4.0724762931834,3.96176214642542,3.81039194117429,3.85117673419806
171,4.36250656891477,4.39315241883279,4.95368625076392,4.1185278936455,4.26392396825199,4.18132330269902,4.15184251634372,4.22821714616867,3.95980632810147,4.46224251960015,4.01536248366463,4.77012979118514,4.0692904122483,4.040148732548,4.28458090681422,4.39769650397661,4.35975167855802,4.28897126203824,4.14649662364911,4.0340798282676,4.46380080207183,4.1430387587378,4.38342085483415,3.79073293033854,4.42332496239315,4.80351178780802,4.49716054524494
172,3.89334812523821,4.0374329911614,3.92182665605419,4.34724818117558,3.76907841608757,4.0758018770637,3.61892219432173,3.50242201793331,3.98646236870927,3.94350099462433,4.23977863060482,4.38999302052491,3.82950909256662,3.83485695045319,3.70730917989165,3.4753775545702,3.85049228653457,4.1397319425678,3.91037644400555,3.97575760074149,3.73066406645954,3.82157884002148,3.74373243786463,3.99231851376798,3.89859542200831,4.28762324552982,3.80226733523
173,3.98019204636035,3.66148951842803,3.71615873058569,3.42602083745167,3.65406567828671,3.22559992858308,3.71612791093705,3.83024549147141,3.63783403717662,3.91904996230914,3.75771405348887,3.79474669452839,3.47628142645865,3.76530964099344,3.33395840601044,3.6811971947878,3.40650614989212,3.70730373561479,3.5561075912518,3.57306407781892,3.8140619291008,3.75941155328018,3.44064418428502,3.49963903336803,3.81974457432619,3.82459509868646,3.54053205089056
174,4.46137612133862,4.7312971332649,4.34516827229575,4.43286986028587,4.27718615464262,4.18423922865203,4.42761772352196,4.35462338756835,4.86979185448434,4.60005244346988,4.78640044330912,3.99721014161922,4.38337088185267,4.38713236001461,4.53493116655331,4.09495317344836,4.4279730414191,4.74923225343113,4.57474172130411,4.64283045890434,4.54335108086692,4.10725548969761,4.36954040940607,4.4056504452065,4.78148252624354,4.24636050801074,4.49570406204854
175,3.36708563081183,3.65497813939444,3.38902418069781,3.18243599816971,3.27327873062965,3.2640092272043,3.54443979325891,3.22623943170518,3.56896095504381,3.47675701696419,3.51696743247578,3.21497503994436,3.38817568550654,3.34408926174695,3.43875777717955,3.40201260268897,3.36856815402302,3.50888670965356,3.35356060914426,3.45602553689307,3.34207014177418,3.54792666692163,3.35708755470332,3.28587858639563,3.48556068675768,3.26999701279724,3.48698294584325
176,6.56718786823027,6.47368913196249,6.38622879279897,6.69000367965897,6.57042529463262,6.41103590197495,6.72154936485437,6.11893215112075,6.35853728100372,6.47505238846025,6.74187908011062,6.4279040614522,6.43450410570161,6.34026681072126,6.86716504618898,6.1148677575513,6.48247379737881,6.31125789450988,7.10542067321624,6.71873440087149,6.58009990166932,6.40375927753519,6.10491459652922,6.3990452737135,6.38815390725753,6.17218566940753,6.41525816097097
177,3.50620041077347,3.64886867356257,3.76041463188389,3.43140710536838,3.59564579871238,3.52288509676418,3.85905840395587,3.48048917399031,3.28988399418845,3.29001433338931,3.79075188676328,3.31534170795713,3.91222539501767,3.52087006305699,3.59964019852551,3.371180764909,3.61812138107102,3.56898940406695,3.55819691044224,3.63715413696008,3.75554467824928,3.62717440887924,3.56396535263236,3.21776069452208,3.61464553824466,3.76360838610555,3.56919082489032
178,4.25097966007283,4.35425265590982,3.88308237644591,4.15869772102219,4.3042020300846,3.99566546958558,3.85252996459911,4.21588763123263,4.17768183784888,4.29105861626339,3.96825817042408,4.12791293162846,4.1996297180929,4.0914042868676,3.86699304468165,4.23378556643392,4.15611261821573,4.0811011920758,4.11468572846895,4.25022589705593,4.26974106516021,4.04081176135745,4.27073871065156,4.04581770765339,4.04637463172735,4.11834323704736,4.155543398515
179,3.54887037945085,3.4836491252639,3.62722951836513,3.52622632949129,3.30635080020098,3.70087952499038,3.30601617911521,3.76784727104188,3.28257738453251,3.27256022230908,3.81154125411029,3.48059749037472,3.54155305803618,3.07280555313571,3.69176826815349,3.27706534710208,3.63088482875242,3.64357212613188,3.33415739146562,3.49115142358934,3.56468659260823,3.61523978301687,3.31277580860183,3.58266158209607,3.5093356509957,3.68384528035088,3.48646931637509
180,3.90899206894012,4.44949331062616,4.46892975814328,4.15670813316152,4.16501669694829,4.18225145289417,4.09441966294484,3.86390536362479,4.27017462581121,4.06924433455206,4.28584086185972,3.88025260559829,4.36608998521414,4.30678739010843,4.43899820707953,4.00288356482605,3.97669402396407,4.05031189268089,4.38338565738628,4.03518700623011,4.32012421990524,3.90503340706477,3.95003241659919,3.96532575300157,4.40662408462712,4.16923320101712,4.07869200832479
181,7.10915848986732,6.77429672582962,6.96214073856339,6.59473845403273,6.43837553482631,6.85454145501588,6.57417259178881,6.66761330138989,6.80353475543537,6.9374556712482,6.77609030651361,6.68801131276584,6.73667446842615,6.56577945524809,6.63648618742337,6.90753989220393,6.88770822501668,6.55781927208125,6.59751239871513,6.69977437556731,6.74277901121448,6.61835639391499,7.00651975263509,6.68418594613975,6.57470403124705,6.61952297754774,6.79341550992523
182,4.97164536570698,4.41909357893162,4.49867096081683,4.41936621466402,4.64431389654964,4.56403990095868,4.4720568986485,4.088288443508,4.83395702061549,4.48362423943493,4.64654927982057,4.63303495136196,4.5505439169557,4.52995623041531,4.57205761527078,4.43425118004357,4.53936706713156,4.52976028685387,4.6162883819289,4.75252672046101,4.57028040564132,4.31759916077982,4.61118640368401,4.60281088021497,4.51983328946422,4.28629732798893,4.38911209345651
183,5.28558428744914,5.23362851431535,5.38041473059739,5.30829384555666,4.77872033129315,4.87773134099839,4.97765705312152,5.0626735225793,5.06108202757993,5.21638867533721,5.18139701011093,5.01229144247144,5.29951862861108,5.04743418197615,5.31356718724397,4.86537532815085,5.15689949886693,5.0535338840787,5.34065660919513,5.54087449336862,5.13056665822332,4.9262747013973,4.95407915675555,4.74017520749633,4.54122281677371,5.14867120649472,5.45998466610272
184,1.32186720900605,1.44809385245669,1.52670758486064,1.5444498052262,1.42274751570602,1.5122862113561,1.29311016409109,1.59221675858964,1.38636737682158,1.4911943523126,1.44507768490835,1.66632166102871,1.62652729337643,1.44120869501771,1.25495732453457,1.41605802803616,1.42763346558551,1.59508514664414,1.55298235657232,1.50314241178959,1.64229328734272,1.51432287658764,1.29078058912083,1.460292718991,1.49354987107096,1.22832437057781,1.5864559457316
185,6.07697644607566,6.01412710768285,5.85048726988993,6.0862528882234,5.98454705843309,5.62202707590614,5.8209569180361,6.08865947758362,6.07065654206816,6.30219702068915,5.7286460649749,6.31437334073597,5.77546664799854,5.89623542371198,6.01349031532802,6.16501910499391,5.58246221996011,5.80414450209121,6.10401075643313,6.03245470595125,6.21161265564135,5.60254996904722,6.00296206848377,5.859819328922,5.59209891288821,5.62365988837058,6.27039795793234
186,1.47916390604137,1.50883877644332,1.49571801157125,1.32093457181457,1.4811507180768,1.34074585743014,1.42485129244277,1.40364315009795,1.44641926901748,1.65980346009619,1.51151273941756,1.32207873746359,1.40949872902399,1.50519511185549,1.23091254270154,1.49624436072056,1.501903324568,1.32062046639969,1.77967212588669,1.2263554363601,1.48270474092563,1.37161877566711,1.23490909010956,1.60513413840539,1.27422282154583,1.37104315459743,1.55957110449241
187,2.69355364579753,2.93789174464955,2.92772196923414,2.56432591840328,2.76941052422385,3.02736234898355,2.44694342099986,2.28273385120338,2.77390760381589,2.90712087651169,2.81149601574689,2.71794680776034,2.7375203507597,2.86758947192593,2.7378944837921,2.69811026987762,2.56106234253505,2.65743605596262,2.67730580018198,2.8096110557488,2.94947882133642,2.92850684709143,2.57636084133311,2.48039776046751,2.92436887388078,3.06446631434758,2.32133387894423
188,2.96458462977778,3.19130845697551,3.08217623264859,3.06361426703786,3.03176689760325,3.13436751836305,3.15917774893526,3.29626310376571,2.78627253086257,2.85635536019034,2.93572821836439,3.40922352849541,3.23323454613477,3.2909758913693,2.80047996573444,3.03137714695465,3.0951812634331,3.08503181669963,2.87363086957858,3.4706975429047,3.40509222090745,2.80611951715209,3.33244029612624,2.86120763434403,3.05098409170532,3.10989609230413,3.01986809071404
189,3.14621104838118,3.09922316668416,2.81527195452698,2.98075044624454,2.70717086162661,3.5368173775296,2.69655972214371,2.57030292924296,3.02008609968916,2.99613314549111,3.48778647570363,2.82706901024806,2.99574643501076,2.7750424924442,2.8739622134216,2.60761353324444,2.99350485276561,3.11144137630128,2.94036268377591,3.04293105564206,2.92975378869069,2.73307376151156,3.0934905405738,3.21216466009446,3.02624586947782,2.81256674000306,2.99541140113016
190,5.03447119632842,5.13830973800459,4.88242211628034,4.77660466948194,4.96333218165522,5.08796650424799,4.86020881674886,4.79399853777637,5.30920729799007,4.6571988503016,4.95086041936719,4.93912293900108,5.1110553130031,4.87648849669635,5.13808910338622,5.07438645987826,4.82015550498069,5.05719591402617,4.98224284594556,4.98830887680443,4.97986271512452,4.91251906236225,4.97766636189009,5.02723975534012,5.12525758684568,4.94954846050496,4.88891098791792
191,3.30803451597633,3.47506834330263,3.21543758602215,2.91874269885666,3.44474285626365,3.22192743274915,3.11464702415506,3.18377379611635,3.11919191768067,3.07706941397639,3.28097887420077,3.08494580375262,2.96009033739521,2.97099341494969,3.46216681268175,3.44659847733002,3.37152810764615,2.94128366742743,3.35009267114724,3.47645364803123,3.17262794061574,3.52404498460688,2.90630776015039,3.07888308896369,2.95318715424986,3.31013035742001,3.16271015561718
192,4.20014837794518,3.95308195976879,3.85086450196189,3.84024399335478,4.17111999146055,3.85270536479605,4.0639940838956,4.25906914272817,3.88676469230284,3.88471524013679,4.11442785699613,4.08375364119593,3.79750414636257,3.80226999183256,4.05558646735078,4.02288025518064,4.00772485789697,4.14342522800868,4.03089058921082,4.14644197016908,4.01235660668927,3.97381251582413,4.03689189723129,3.90381277293301,3.7325857392542,4.14574877526447,4.36127729328131
193,4.47267746787471,4.53732318349702,4.86690163195458,4.10007097825955,4.45160200152016,4.5991426800744,4.7049017720401,4.53466934964668,4.54166309851259,4.6788087466889,4.72589212667572,4.69802659002745,4.27263731723342,4.40663418333137,4.62510077127936,4.37202470243028,4.50764014599362,4.61855650963648,4.6627650023265,4.64897254729738,4.33360837586761,4.46036100904825,4.86288363125347,4.46159266114779,4.38923264834382,4.34597800872404,4.56361743273105
194,4.40944008826257,4.59646693433465,4.93687182902678,4.40455408365614,4.43468291527081,4.68647073472718,4.58408359332527,4.57651084824362,4.54693440233357,4.72905867764294,4.65014400287276,4.54004070093743,4.62040034174011,4.3567027034003,4.64128694422108,4.60229671444154,4.75042304313881,4.51471689529227,4.65238210019624,4.64742304970911,4.5389607151564,4.70594373217125,4.36705225775474,4.55132327762433,4.5248509568201,4.64823605438225,4.65333756321817
195,7.74978871315813,7.09718508240513,7.21161538251214,7.6503536959454,7.43764308929445,7.24227775565664,7.39682807581463,7.59403820696411,7.35995156280198,7.52669713738013,7.66553824470906,7.74589077127804,7.4274444675491,7.20353793140813,7.18292622242116,7.42030298609517,7.24505400473804,7.53752738326083,7.57886231315673,7.37410210648428,7.4825978831427,7.11108778485577,7.3010380838686,7.5479063249459,7.54971859490864,7.38807392830564,7.37963101137565
196,3.68446599493558,3.98466594957886,4.07384477724297,3.62682597742316,4.06796944402896,3.57427564732558,3.64531015883417,3.33913134772317,3.42243508878295,3.32297215116532,3.96022930256641,3.75095394609254,3.56380899567903,3.78073925367759,3.85215868464161,3.78373369800941,3.92279224855989,3.60289748888335,3.66125825025213,3.68975854214099,3.73061439924771,3.35543397360649,3.60979385817694,3.83065321503833,3.93587199417107,3.71009048642939,3.9958482747495
197,2.36022185947766,2.61632932534009,2.77556467141653,2.26280306480581,1.83303724500304,2.95278067594722,2.07657517806039,2.53654448230488,2.35005750912476,2.54464039191894,2.43468693738978,2.38217747475556,2.87093708454516,1.86321582180389,2.85442819315837,1.92208108561544,2.0414419165819,2.77345562077489,2.25540577981004,2.36006821438799,2.90407655533364,2.54255152756364,3.02990805345473,1.40002636953382,2.91128943786449,1.98131808260367,2.44333235975859
198,6.04501404060094,5.49608943705729,6.14647918180896,5.95756725215894,6.02381539540519,5.72755522676064,5.92975563315318,5.78154900494466,5.70728306779283,6.00043285414506,5.87593963376244,5.74738079074361,5.95179793542626,5.64249432329807,5.97958929955462,5.80145349422428,5.7164229846802,5.72933922832356,5.76895185941902,6.13103667455135,5.81042423091111,5.85332361814517,5.99976685668602,5.6421872883323,5.9346284770017,6.06477720632191,5.50397406116244
199,4.64350719452905,4.47295657275489,4.39280620181524,4.25214325073235,4.39759600229762,4.21726759868986,3.97151696502224,4.31976586688344,4.01518405942643,4.13325939041366,4.32724502121183,4.59528151870056,4.223150592436,4.28572250566161,4.41625609488024,4.3671432785031,4.18333901416113,4.32245529321817,4.40849014704795,4.5297783484821,4.23588269875028,4.38849596715128,4.21898842282848,4.23679004104692,4.21606784691494,4.12095535318426,4.40218686020022
200,4.91135082906827,4.86091086430149,4.42750108458612,4.49535744925003,4.6890954437625,4.69202966147372,5.01689380180222,4.76928392801687,4.64542347941316,4.60095631985161,4.99549882575414,4.50357335723252,4.72575874499513,4.57171234290537,4.6479725053391,4.81492589579577,4.75071698887361,4.93016025495939,4.42499826578028,4.78252483283637,4.5622980534767,4.86002157918148,4.90451634438062,4.75999478300198,4.67473345967443,4.72496573448889,5.00173130496746
