protein,batch1_group1_rep1,batch1_group3_rep1,batch1_group1_rep2,batch1_group3_rep2,batch1_group1_rep3,batch1_group3_rep3,batch2_group1_rep1,batch2_group2_rep1,batch2_group1_rep2,batch2_group2_rep2,batch2_group1_rep3,batch2_group2_rep3,batch3_group1_rep1,batch3_group2_rep1,batch3_group3_rep1,batch3_group1_rep2,batch3_group2_rep2,batch3_group3_rep2,batch3_group1_rep3,batch3_group2_rep3,batch3_group3_rep3
1,2.1024926629596,1.8757212628377,2.23797002759515,2.5083823442004,2.47061377113001,2.77000212091782,2.18012356672622,4.64029787023329,2.72687877213932,4.72197106218264,1.93004963656697,5.48291532723154,2.13168747208995,6.45695056763246,2.0327133852931,2.29301197495397,4.71885168269622,2.67211520560637,2.25267296970711,4.27064277830279,2.15579545174967
2,2.52218751197708,1.54308809888843,2.04179323650335,2.24529703597196,2.55718745818452,2.6232681344726,3.35445408555097,4.83128376514693,1.76889569060395,4.10593690540249,1.70553331035701,4.11577881567501,2.53245750742382,3.63465285677859,2.74204473452956,3.27533616032736,3.75932872926461,2.64060081313862,2.11689835374068,3.25309984100301,1.28632455744361
3,4.24099375377718,4.18554317982124,4.07713838752805,5.88576303845911,4.16618347091115,5.03994092644134,5.00969336101679,5.05971860469367,4.23670179819074,6.69841603492704,4.59614024952644,5.40718938175223,4.80604285451835,5.52671382368941,5.3565759695063,4.62527177650445,6.27506244483325,4.61316428619333,4.67918809523792,6.02431701681491,3.31761059227368
4,1.95336972010771,2.91198778578867,2.64587249808447,2.87405553342559,2.77663425079749,2.73934565249464,2.38209491872431,4.69439542975231,2.14567900285416,4.23941611236631,2.47878394539355,3.99320766410606,2.4223515608498,4.84582780506463,3.16036953194621,2.22736661628168,3.95235965011234,3.01404307387044,2.31478669158584,3.86533937832125,2.92607211425076
5,2.88349319521215,2.70187855854693,3.23114846673073,3.16455222976053,3.90254198482211,3.57075323960915,2.95785204532185,4.63676452147139,3.23740824312944,4.30387906886011,3.79491633035454,4.75008944146077,2.72526089659185,4.55087870767665,2.41047607574136,3.56987157773524,4.03347838602294,2.95981691785483,4.44145479643955,5.40817079098618,3.7484655574514
6,2.43991053528578,3.49164376037687,3.51987276197035,3.1162573041405,2.89010223964727,3.40343485888855,3.07089383782452,5.28331065500386,3.65978101859939,4.46669809738299,2.98356002199649,4.74832710863377,3.02821681826397,4.7075895415691,2.65014146542392,3.69836962720703,4.83165202565258,3.32601254953007,3.14103798381249,5.25650538986709,3.04720208057562
7,3.32602692941352,3.36255197938127,3.24882562704085,2.88155597178078,3.3923236208171,3.58866533219988,3.57256495990893,4.82615311452478,3.75874441788561,4.11793363624652,2.65100657631327,4.4999774912124,4.09599897902481,5.05755475705955,3.22230786989004,2.76333410500121,4.23971449069523,3.24054285602265,3.07454173528263,4.92868110160771,3.82108000860702
8,1.36528481768451,1.63674095502679,1.53468318396312,1.72448600623513,1.50742575293338,1.46724877929323,1.56352522661525,2.04992835319838,2.13741590553598,2.94107927078228,1.86302223606233,2.98960437419582,2.50823482249997,2.7038508056775,0.738813292877574,1.570123095378,2.63523259382367,1.03018737059905,1.67379351319527,3.0108100764209,1.83641178757191
9,2.98486240789578,3.51340275168196,3.44605461094602,3.45746262355734,3.24544850648357,2.90211624278059,2.97871583710116,5.62090207873832,3.37458576545429,5.27024267076659,3.0182870246389,4.91606073178204,3.4155747441917,5.37247941669595,3.50694260912835,3.17719333447265,4.95331901123541,2.80663249206131,3.65313076344584,4.68547766576966,3.37351241414753
10,4.77681365141518,4.03238123190743,3.21541825918264,3.59264025304129,3.56447722829416,3.78721265793162,3.95338724839952,4.42543010237465,3.85497419803429,4.67200152571442,4.24971712573264,5.44783355939452,3.19067042189437,5.30197187111988,3.51537346685931,3.813311626665,5.72023559718778,3.54705728676912,3.97958917856117,4.63605940243933,3.92709880233948
11,2.06177659555568,1.02910307921989,0.617570603221828,1.15299654906833,1.26227808759764,1.11920013426508,1.32370846751137,3.25583381069805,0.732655502778569,1.78768851046244,1.77093852484194,2.91867414272527,1.7133805820884,2.24403644347005,1.96633968310331,0.895177659884223,3.27522435181293,0.823137614641347,1.97717462356047,2.0071208832862,0.481744347060506
12,2.06398341449212,1.99256182818909,1.45229398224144,2.79324021137666,2.41905057875037,2.40502556583258,2.02617235232621,4.02319121372862,2.07832951918447,4.20072244505716,1.46161540212917,2.79713159037025,2.31125797779808,3.11574602892052,2.27493046112699,2.70729676067647,3.39827826444749,2.01932966368715,1.94991419953044,3.52368762368483,2.03144638261773
13,3.10775540840844,1.84118627218839,2.77044701566228,3.63440507909404,2.08550666689633,2.18588056652,2.51109177948757,3.74134467062354,1.38107609123982,4.339594283121,3.83770353257984,4.86745921875103,2.42949693639876,4.18381111543721,2.22134215451335,2.01653322275263,4.71986820448125,3.39620753303086,2.28568213315661,4.30085321260087,2.88570593802022
14,3.05785790761656,2.13612913290276,3.14369330040182,2.87817562112809,2.30158252732526,0.801404030943283,2.53657115107527,4.8481251962277,2.91834318184255,4.72415255973933,2.74825536812876,4.46103737796574,2.11225823457326,5.05314575637385,2.01961574372691,3.41438475901059,4.73370660155215,2.30819718451743,2.49935396845552,4.37872303807476,2.20749468800014
15,1.72559374165208,1.70457753761456,1.35942162573846,2.50505387691195,1.26236139126461,2.03466990668381,1.98842568569116,3.48100688614578,1.70223398941083,3.23135583051997,1.44742802993044,4.20785731072087,1.82473197258981,2.95353762029902,2.0160874583653,2.3406795065267,3.47502586320585,1.78964156694388,1.3882398817803,3.73322441508857,1.16260714986644
16,1.7567604973754,2.22786266080932,2.1516552151755,2.48093614624739,1.65297138166746,1.09439182578398,1.60325128715072,0.733411873856485,2.26846222281625,0.0489681006616326,2.50402972058565,-0.279193450102225,1.93326811961443,0.218401859896859,1.69877443598222,2.28136904367696,0.456777699779201,1.08876261796554,2.32099419651035,0.343191064969643,1.70842055107323
17,3.28856178800679,3.36662564550607,3.48729531765857,2.55013344305104,2.950652347843,2.71038116686956,3.45248699708581,1.15556403934925,3.59891370776919,0.357347712894976,2.8429427479628,0.861218756663595,2.92123532487146,1.09188565416087,2.99546835282324,2.99805042513394,1.50265420801644,3.06236259030883,2.97366068255565,1.06554675173992,2.70300263933582
18,2.52550406607052,1.85868170211915,1.908897840759,2.88435241241858,2.96748591135504,1.8699797456729,1.84161042297286,0.456974372954446,2.67792925137456,0.272158779496309,1.53569315179922,-0.291639024620196,2.46289594486447,0.329581679178274,1.37712646134303,3.29210672527896,-0.373302613107794,2.43366286990017,1.90648409435574,-1.21836554334263,2.9930241945434
19,2.99714202667357,3.54158943217872,2.99321331676665,2.35294640686958,2.80670611844268,3.13464567639613,3.35779148707536,0.544885819890881,3.28156472616831,0.646857904381829,3.48981157045849,1.57983374834582,2.57213042484859,1.62424549092873,3.15708901355486,3.58879335250542,0.927802870134926,2.77805118351386,3.0978189664268,1.46574287128536,2.10125581782193
20,3.06175728797265,3.68406228540502,2.56590869344342,2.97108582459652,3.17329579501122,3.00656461974437,3.46305254581782,1.22485854419535,3.23647516316867,2.06078621188274,2.23660095729236,1.7370828118654,2.72475508196517,2.02453370533586,4.18459632062041,2.41295000525769,2.08758455407831,2.77060388321377,2.36152293692201,1.90509372362044,3.29773620788536
21,2.01548319934284,2.33521149925592,2.47610475110932,2.55788911308394,2.61418632928952,2.03037943457388,2.31378581631959,1.69938874021956,2.78570428287945,1.65247712316008,1.81646021838372,1.25441118005826,2.9726459857154,1.34556416499266,1.89464064810343,3.25817642069627,1.94957580358943,2.02138483550858,2.12310370408414,1.10257857011667,2.08428721432894
22,4.52583056556862,4.08936619026763,3.84969168340563,4.41726016436287,3.56947058988646,3.48813659178465,4.32510951271513,1.04898611567355,3.81486131545916,2.58903616147323,4.34957375199822,2.29955862366203,3.24995397890945,3.23234585105672,4.39395965539887,3.38781257622955,1.92751900100301,3.76996195510486,3.95443751983429,2.72405606549446,4.30951802617798
23,3.3199434584346,3.36819274826501,4.33647583777212,3.55202579479673,2.89909536561868,3.2988390529271,3.37281631707834,2.1352928142315,4.08853987983765,1.47417826499816,3.57486286359882,2.4695808139955,4.45537009196439,2.57659999062376,3.16598065212598,3.41194427072096,1.72729320731598,3.24599274041739,3.53441656693208,1.98335936872661,2.97986407430942
24,2.10849374547175,1.43594768858246,1.79464071899013,2.13186613688158,2.10447075517711,1.72747630384026,1.46985539884597,0.182259033704345,2.64911668745768,-0.0746818384585146,2.29512834388753,0.015961281567061,1.97699828967812,0.387160576751492,1.30618355244719,2.18493128728769,0.0247371251342837,1.64566066980684,2.28459183464776,0.173997312792864,1.63511272651342
25,2.59561854668045,3.01437821233997,3.22061854995729,3.36913271400272,2.97575874346923,2.84863949398065,3.27031543843489,1.5369524721107,3.15026253510441,0.710608373333881,3.41923759556336,1.36649243531301,3.1341284855853,1.37100893442535,2.62534149342953,2.98297810627089,1.80310696037226,3.31445677926152,3.03105573711707,1.34481105408103,2.57534818661033
26,5.64137364226565,4.97733739122796,5.55083416440434,4.9154930608878,4.59520763981057,4.83719791087203,5.3317436479656,3.56122817288564,5.25131282356338,3.04682361554669,5.20891885722519,3.20891923921569,5.12728862133735,2.18085050053021,3.91508052797876,6.54813474186649,3.79471438701915,5.17467273110489,4.79624338054925,4.2366906583652,5.06126409817706
27,3.38459137740449,3.62780738488782,3.03731078318695,2.91516697488112,3.05446950726581,3.21170383122377,4.05194330483445,2.85088837938676,2.49164376167605,1.76014250730291,3.58499153022343,1.10677966614531,4.25134334162281,2.0375180012843,3.08120934472576,3.11401195439149,1.53193046672275,2.543810687579,3.25251500780385,2.4710945931859,3.10227642400732
28,2.07458163412039,1.9877296813065,1.95798440059409,1.94388119852922,1.52464988899785,1.29080911316744,1.65825520513262,0.761556476464416,1.5449382603781,0.932128433897966,1.73670883827728,0.227210911258287,1.93355378712915,0.570232083868317,2.08051409578995,1.71326366970826,0.531674244718027,1.66321218999111,1.9818115856695,0.419395440900197,1.97389847306814
29,1.78857345901347,1.78276391950182,2.11700191878939,2.19267600674683,1.56075931753054,1.95464309588915,2.35570255939297,-0.124001555830954,1.84784505895619,0.111753456115335,1.80398170963257,0.167356959093342,1.43868337472092,0.775018917078096,1.4131212043734,2.54112236637329,0.360041224742121,1.88632708548929,2.28660674014495,-0.355414909048642,1.52169151109112
30,6.27069993380674,5.73379780812849,6.94945615259602,5.66054084943799,5.07447304443551,4.98689889166004,5.62363909515815,2.99269730544614,6.3917869967258,3.57747894142018,5.69595225935469,3.61417052256852,7.60260268233974,3.00407209859285,5.69131775516137,6.289495643863,2.6337755368686,4.67336051022969,6.18319182280756,2.81864878406668,5.26024156648971
31,4.02175289234669,7.09345032128543,5.14555643733284,7.37100884066866,3.19350436739548,5.7062792009073,4.33368602621041,3.38997413026686,4.28813985127121,4.41628661199942,3.94385423424045,3.71320390890002,4.92627995841068,3.25121854152535,6.84860089266057,4.71697869015407,4.86838935766923,6.68258559114169,3.2979591888807,3.504924139,6.08482165875076
32,3.71659323051478,5.61364664742765,4.09006754984152,5.63186471986698,3.9090656427106,5.97182343030578,3.36070021909053,4.43565954823756,3.87587269290313,4.02397856213159,3.91492796192924,4.00297158622589,4.00127361681645,3.92661530567517,6.22593910660233,3.70234115556286,3.87296011659382,6.37384771147154,3.46990493516879,4.19710718027448,5.40601030557385
33,3.51925047012199,4.17413348126126,3.55287592436479,5.22690849858581,2.45954848045065,4.5339842561896,2.91544369971594,2.79048620440278,3.22049168648512,3.00780590492298,2.66197787046456,3.88976668936024,3.71931612162886,2.79869291102031,5.08629604621716,3.28520976600084,3.02273515328406,4.60638542572307,3.20380771754085,2.96049132838693,4.18093525018602
34,4.39895974519313,5.2520934515591,4.396770782013,5.45943589541534,3.92158383813769,4.94103941604196,3.71421159832847,3.66470220086886,3.33435753478345,3.1229983864601,4.25820016182289,4.13238269222014,3.82224570828292,3.16454762782185,5.98419698739514,3.86017053230408,3.08006766667745,5.21551479601282,4.21524564625821,3.42853908759326,5.68773657874297
35,1.98602448411451,3.22105106320393,2.50773854326237,2.96779773672111,2.55825326896401,3.33625755068403,1.66701507555661,1.899332227256,2.41026705349312,2.03937146064016,2.05069591045915,1.5740276990415,1.82670018009421,1.60765060357919,3.86799868817679,2.57159549765564,1.13715124959544,3.41131053364796,2.11696085444736,2.23089820402319,3.04153778470316
36,3.05499491602121,5.44382884276762,3.49481788640775,5.24979547616845,3.47360276843461,4.68298009665107,4.0013548220472,2.57618021088158,2.77558173987023,3.04127135838965,3.35106151656228,3.45885332542234,2.92374531403027,4.06921068459016,5.75049595578163,3.24150324090129,2.90175828614645,5.43453291898144,3.0294273436884,2.82343586675545,5.07295237676178
37,3.18792600286764,2.3938042955072,2.72525415106338,2.39323042828357,2.52144708623707,1.14615018026988,2.57599841466366,2.24434654921681,2.52286452516991,3.29136653782931,3.42153597674635,2.54400164863091,2.24503292293633,3.56406348193176,3.05005282710998,2.73667803493596,3.09715587684068,2.54491573364715,2.20621583026647,2.85609251743636,1.66053825309908
38,2.99255171400614,-0.191293096885275,2.69544102235254,-0.0426914622743559,2.08590708090775,0.481522511660637,2.12824824155859,2.0755562702943,2.46897134912742,3.08387992620999,2.69228551279182,1.87264490886699,3.81629227826222,1.70027156433363,0.386813942105638,1.88584913367135,2.71157814840484,0.177319149387396,2.52235670791196,2.44754687140738,-0.305449892953211
39,3.34534305621179,1.95976572712966,3.05823659646554,1.82872800178411,2.79703232989806,1.41922702969217,2.94885786498711,2.61341340729924,3.03286093377328,2.58459439123697,3.00083227547396,3.41031823661794,2.2967428039322,3.10701968604045,1.51492053924938,3.26409297777867,3.41009261047796,1.88778923540905,2.71911676617361,2.45064613188573,1.83570653978476
40,4.04350976916657,3.5193963370123,5.07828231270731,2.38534810665363,4.5690440312823,3.14924276002645,3.51484066905472,4.24135588538348,5.24790194898376,3.50520762607385,5.01103829221702,5.24339120189995,5.07559399825701,3.90797132106605,3.28582611902218,3.9363314966921,4.47847369339519,3.08502568284138,4.45046149337146,4.25467109998475,3.39027007709663
41,2.42691953765214,-0.240467092985938,2.15457114134573,-0.322633868322857,3.18216756514026,0.747427906143591,2.66170402497665,2.45843344202198,1.95781517261565,2.8420277617466,2.74017188978783,2.6205934422566,1.70895344168668,3.04517390373117,0.0559530893127038,3.23735449519557,2.01039951144345,0.00324872221033589,3.10491495361481,3.06192887300644,-0.171419445804304
42,1.14018907956355,-0.638629579658373,1.3666263758685,-0.836082485937448,2.60139323282028,-0.995634059764978,2.07398329905151,2.00058826110029,0.933032101582313,1.38997398633793,1.87648605389281,1.8753817238574,1.97862581159139,1.08042583046986,-0.808573527306397,1.40207931488942,1.86534198427915,-1.64477540186166,2.44862877115979,1.44106807996183,-0.2181217099061
43,4.62568558640053,2.26759042526408,4.40269544367677,1.84729316669229,3.5998154848304,1.62717922903037,4.33690565531771,4.20216454738493,4.11842491910682,4.35226666948227,4.77544112411279,4.94294714594379,4.64968330458986,3.65987642274093,1.43877476983717,5.14220629591977,4.64559314207452,1.13407922300904,4.76480348786453,4.15561481313136,1.93342936408674
44,4.30502262689244,3.12416541152437,3.63972977895638,2.83633654470451,3.36783928403016,3.6206845820059,4.19551683642536,4.03440218364993,3.43086466732828,2.84180497285276,3.40539540197463,4.43464202653357,3.94043038961863,3.14160041023086,2.95177047451708,4.21972442700815,3.78317540697689,3.14899296845572,3.76391846686462,3.90630795460527,3.04825098279404
45,2.4472339470183,0.876736816032982,3.1984572793019,0.675635484469208,2.58103501831971,0.393367893453966,2.18116018410874,3.03087136554435,3.24598274836225,4.06030743700454,2.19954517476671,2.95629512987714,2.79468430516602,2.79260329855283,1.05550998863728,2.19441440328383,3.56495899945232,0.573230691487857,2.61050007083089,3.20847959480754,1.1608032196742
46,3.22654959884415,1.46236965666307,2.57374598892334,0.471673286679026,2.82729852299987,0.653493764151607,2.68963710460484,3.13934404262515,3.22741023119225,2.85773975181809,2.93884014848579,2.98187528881944,2.72825715808959,2.92369724170158,1.03440948624064,2.73599626707079,3.58940146643353,0.371258712945479,2.90185980805456,3.17281278064904,1.27978436626349
47,3.98427294736213,1.3350882201968,4.18986761593606,0.741250022113278,3.68942601588104,1.53362309409554,3.854940836041,3.71513236051693,4.23296824633081,4.30289664703358,3.72274356054685,3.62847451884535,3.40575017117199,4.3492468723281,1.43512958896411,3.38976200618718,4.13978061289007,1.86319538434053,3.44002136797247,3.62819827616677,1.39722019836305
48,2.92142931830677,2.73787641685059,3.28955997916499,2.24442976699886,3.87631012726324,1.34525340245345,3.73272815480886,2.98090630081557,3.49205815248823,2.57530929514704,3.79062526530832,3.67493192178973,3.58591070303861,3.58912822227761,2.29088931288904,3.30407578519239,2.69904676902133,1.32257655140707,3.32672439854192,4.23357163866904,1.64875537514141
49,1.48241294026818,0.580289656492977,1.81633579618422,1.13900103592432,2.08381250264774,0.449546529239865,2.44662010937651,1.05986729766535,1.58108248680184,1.57891788539589,1.36694914531179,1.93200873190688,0.915374308030893,0.857498846997724,0.821920854166773,2.09371292327441,1.94343368978387,0.801431254719551,1.70257317693979,2.20969599301623,1.07211872689897
50,2.54857928172931,0.91706715701452,3.14500619308413,1.06926293993221,2.33403515647659,0.62277632679682,2.68210955377015,3.06017921148957,2.95182380323201,2.25105284927155,2.40118142953355,2.77387891366926,3.26956216147251,2.31885302060505,0.354485411761265,3.53733110712875,2.70390190167786,0.278612152294928,3.07654650522198,2.47220931036576,0.742459475244522
51,3.75976881232508,1.46330970225881,2.57995725223895,0.615400660009625,3.14989384823617,1.77344765822595,3.81558310287392,2.34011426066697,2.69336895255694,2.85159697558393,3.69861712447934,3.01097991460503,2.31388006246476,2.98719513157017,1.34337465770296,3.09013677452219,2.66446869904101,1.42674517212093,3.09163834112278,3.55280229004643,1.46871959109877
52,3.03816552851505,5.39292989501843,3.92346113223002,6.0700632532709,4.30931770561235,5.67491554131809,4.21072886150168,5.95584677022578,4.12292460660343,5.34137026116146,2.88921589740311,6.09936513678281,4.22608670587068,5.42493100278556,5.43519274173656,4.60290354809663,6.147411074418,5.04309690024154,4.27842893047383,4.88210912329148,5.18605600852554
53,3.06396884268066,5.97305616047103,4.68491026220343,5.31308772861417,2.63271428648236,6.39297165499667,4.22801965563195,5.10402509120456,3.41796941875724,5.89842700114293,3.05043758998193,4.72742597188856,3.26119856213263,5.69072405137579,5.57786292897391,3.84899357355887,4.85709481337871,6.37441457571667,3.39894496602153,5.17318331201684,5.50686585723579
54,5.38751163063844,7.14413732741611,5.6067392211025,5.38754717173166,5.54010385909277,5.94916610373152,6.79650796367782,6.09462242466121,5.77443919090744,6.66968370835644,5.78738817936096,6.31734309305908,4.98544382625274,6.6323731086977,5.74691972983242,6.07790134663815,7.04766867840342,5.79407719687581,5.07708406873134,6.72907516973947,5.8724567969885
55,2.07142403773135,3.2455881552938,2.66723144457797,3.53582829458887,3.16017452735645,3.43498343614918,1.66077308793667,5.25707888124037,3.14587148525673,5.46408502894835,2.41954258868407,7.25966297266774,2.73516392709323,6.39263772546695,2.69848322409495,2.85706660329833,4.8515799700176,3.46042648201566,2.0399964691157,5.17912024858665,3.65288905033324
56,3.25104578413565,4.83149013258165,2.94552659841793,5.71342126912517,4.71339462684042,5.01510640684905,4.34950922076602,5.38039790317338,2.78778015656116,6.3409168533426,4.37688673408191,6.3395779184972,3.74841538749205,6.03721214528428,5.74055815880345,3.91279860183194,6.53893573680064,4.97775082473625,3.56682376691728,5.64001705121957,4.61088111604911
57,3.37897490076258,7.54972182814015,3.50273732998051,6.50004783276052,4.227175197432,7.18741945223897,4.26160861141308,4.85501626323705,3.40559169456723,5.47191927872582,3.73147174703941,5.97664155384678,3.26993842132084,5.47246328340114,7.08420250417044,4.21275499609084,5.25451300078596,6.71774992278597,3.73611241355668,5.75384988955449,7.23934496863466
58,2.55529402643505,3.94606071188685,2.52609149844828,3.53450085159003,3.31164141197786,4.03202400231177,2.97298018584733,4.68197310714625,2.48247888565961,3.99966895693061,2.73520935484105,4.09333062308311,2.28612230907518,4.22607062760021,3.57356983529838,2.63721750341776,4.44747991735867,4.5262458479706,2.29128032541949,4.51103913505044,3.76946705082094
59,2.91808041232931,4.98117890353647,3.03869784468106,3.43966000118361,2.96896397807624,4.81930160637818,3.04840826230444,4.51009821532323,3.37152107505299,3.94134696107361,3.15784639389087,4.46667474433342,3.46450326615776,4.67556480261288,4.10908975311508,2.72327595865814,4.1636023892556,4.33870354449574,2.40045259957122,5.20934009111107,4.37756784336393
60,3.92577178620445,6.57683718533003,3.94957059855475,6.04467648936714,3.14382532398161,6.04446691435199,3.75364402969093,5.0761116060756,3.60507543761577,5.72776592743705,4.10187852012241,4.46957900955422,3.5699883341998,5.46413547834987,5.78715393421034,3.56061669990556,5.94801944486562,5.75651645737626,3.93458513213536,4.8834332480976,6.37017409869331
61,2.82490570900123,4.32096134696477,4.71521271956276,3.54817402484537,4.3556199624612,4.68689381781661,3.81653958359004,5.81803127886185,3.2090362483763,4.55050183877055,4.49148525498086,5.48210736309834,3.60145163901546,4.58972414894592,4.34319474745748,3.64540265741414,6.1109926797706,4.83936046602987,3.74806898920752,5.0719818844428,3.70347525371278
62,2.09662950380867,3.86174925104287,2.65594103647304,3.5506753512159,2.87967002396012,3.25786640743088,2.9228687978226,4.23996376376855,2.4695123845155,3.5274834404319,2.20213723774583,3.62017177794127,3.22516407920281,4.00945100986237,3.73882543043178,2.80890123572095,3.96053499954618,3.36409272983153,2.27135800813908,3.29581033743338,3.55090712335929
63,4.55893834050149,5.7316949516054,3.00696821006253,4.85961007374231,4.30629428207192,5.90146929800399,4.77602549602832,5.37511540234895,3.72743927599976,4.48789210395321,3.83679575304317,4.52725657404089,3.74189680960327,4.21454733317137,4.83561317754557,3.88391257687249,5.16091158852767,4.68788074380181,4.67386239436306,5.20423198064518,6.02617295085607
64,2.62910252289237,3.15886820848015,2.6706421382716,3.5929393643443,2.99920984447342,2.9857109288847,2.12379093163429,3.88280145971334,2.85510901700857,3.38061458073978,2.73086377028033,3.66762474216182,1.72750134283527,3.74841744814877,4.00098307787358,2.32280130341338,3.85953548430923,3.80481546377671,2.87429951043402,3.34620398036742,3.46923821036073
65,2.77627583847353,4.60416467200535,3.06587236979176,4.74503007477732,4.14921765113457,5.12109370740924,2.66412702436846,5.59977949563132,3.35218105411743,5.90416614151127,3.45717415140309,5.23265001004768,3.55942894440275,5.82040045510858,4.80688974456915,2.9565842430275,4.58905082607291,4.60692139385971,3.68857940737072,5.33125434822911,5.03789797362249
66,2.85856381544752,4.34284083355868,2.41386592193657,4.95405278182335,2.21415882843621,3.79453206785562,3.02948865349139,4.41760006345101,2.79313081507965,5.19815212437347,1.88784947137626,4.45018788098619,2.8291239256676,4.39201251271248,4.28184001066681,2.74422892040966,4.55495249540011,3.78112555364476,2.3895506483909,4.68542848616323,4.04926228160722
67,3.18828885996769,1.14047656327429,3.31541077222039,0.395334006905813,2.29343068260903,0.402604431834344,2.82730706933185,3.7697553014272,2.79902870189541,4.50993502812581,3.21988136296671,4.41243591987541,2.39234650433178,4.49445496309961,0.574129068942384,2.83312747515169,3.97493809649994,0.818950100251646,2.48249361933385,5.19589714325683,0.897682719831414
68,4.28297521904472,1.65960064412887,3.92106451953396,2.56548330143304,3.41966562687345,1.81245627494554,4.45275177771091,5.12589908980659,3.59053571689556,5.07976258491697,4.18193314805553,5.06267134674238,3.91152634597501,4.64579958078912,1.26499483700134,4.63303883629663,5.57870480470338,2.3798613306447,3.50697541618688,5.11520233724298,2.02607660463591
69,5.10116516431032,3.57975574058577,5.72240636073363,3.89895429624277,4.77097264295473,3.91869785078332,5.60839267965629,6.10721620101777,5.24883827231592,5.92119848104046,5.31680129942834,6.01932485867934,6.65091290442971,6.35785365252705,2.94812495175903,3.98101921855492,6.48998021732833,4.12132548277064,4.81133323179813,6.40432698940024,4.71890551164665
70,2.50433814342954,1.21742129607041,2.17311033364355,0.341977415065221,2.21486279170566,0.350485563870852,1.87286068883115,4.05272004269589,2.02190301219128,5.5390497469238,2.69434394624661,4.68581681079465,1.83493355762215,5.29001619568464,0.646941664090467,2.46350075744335,4.39733633687692,0.383034928844451,2.08210756851103,4.72852424713617,0.872496633637105
71,3.03041628811886,0.657841624869509,3.10807301902185,0.982036191374788,3.18173281125422,1.36646419234622,3.25932954222934,5.52322015501683,3.49957249709891,4.02781093683982,2.87698013580886,5.37213548254801,4.33757820073419,4.91042497310459,0.662575071301009,2.78490422126707,5.4970863660658,0.985554563391624,3.10143744078145,4.43158931832832,0.438902416202548
72,3.0571611237145,2.36541822760773,2.68636814166818,1.39970319033612,2.68497652364823,2.54778976743618,3.4986581355896,4.07656022877351,2.75319759804639,4.73557641589177,3.51967898207399,4.72632939166146,3.01797442090534,5.02050207317938,1.29081086144217,3.44973538722592,4.31644678842814,1.41959734092978,3.23120089387827,4.21437872034356,1.82859691442475
73,3.68357760009981,-0.239837828485752,2.57825888586755,0.290052432828334,2.22601341488019,-0.637026713038964,2.64781661573906,4.43295375520495,2.76279815571268,3.88615433868959,2.49810999955123,4.74973540974404,2.58389870240253,4.30207503142,-0.307795769407873,3.09787243081201,4.24758039941754,0.289252185222989,1.78481327425411,4.06241767941105,-0.112637763367231
74,3.69095710642176,0.847303024825206,2.57768517777627,1.36181640743247,3.59999978959183,1.00189679150117,3.2169958310813,6.00670377613556,3.0970716533375,4.98870483562656,3.38170169293323,4.37764391757329,3.20069485502804,4.97594004649822,0.807104006946715,3.46885437768845,4.64207794233061,0.841861790075539,3.66037908131247,5.12796225396193,1.26514767660605
75,3.05524784549748,1.99204836578128,3.94682229197456,1.4638172884218,3.43808340577579,1.49732124936135,3.6818305663151,7.09073949218108,2.80895300024798,5.63017495084765,3.72460168330113,6.63941048452186,2.58077423348421,5.89813869913739,1.24274480777662,4.32718006835692,6.87736557922924,1.78064573557307,3.50426258239349,6.26989655183042,1.85119270152068
76,3.35563168083642,2.43842911932364,4.20242260009679,1.76250214484702,3.55421256555225,2.48399100639024,3.92640293953269,5.50564978317781,3.81870676521712,5.29288590188156,3.55608791415273,5.111860716719,3.65456079590173,5.98940663213991,2.92788496386206,3.34857265740251,4.46215975985586,2.19961144930417,4.06326851577623,4.50534698223828,2.04465143457038
77,0.442185704081409,-0.751443378426832,0.648736742482961,-1.36333014546032,0.427058020464144,-1.55549437118751,-0.028452414297156,0.719918000520592,1.07188699178231,1.37876346459761,0.500572376384666,1.58133020956231,0.566539586843498,1.90314936224107,-1.89229555656667,0.152903290323657,1.46869432764227,-1.02818067002465,-0.162438891405972,1.47043882354463,-0.676320467204658
78,1.57867773878805,0.373528546119307,1.82500012675832,0.160050317127696,2.04585301153423,0.405016970849965,2.66118716766047,3.41932274847567,2.18956667245298,2.62288707037396,1.91094647422585,3.25751035629037,1.2210690107093,3.08211376461585,-0.284764648757058,2.66686104506631,3.81051970495422,0.400293385209086,1.87933087484961,3.4631613826583,0.22721345934546
79,1.52229877400207,1.05505632561434,2.69467137991789,0.185162630678136,2.10415666417377,1.34016101460767,1.96688424786154,2.5086443805708,2.64117630391108,2.76825315324202,1.95269506870056,2.87609320001789,1.90522092529091,2.95735329764252,0.455592630491206,2.40411609023881,2.76359204544119,0.466351984051837,2.77229180019804,2.31886325258324,0.799965329258245
80,3.859720358973,2.24193290565332,4.75337135464702,2.36502212452582,3.0674756702679,1.42100359548432,3.82839466127293,4.9018959264744,3.47566521958519,5.10162032914271,4.18675461561412,4.77878876563099,3.938658498547,4.72694562269957,1.96372697439654,3.60353072653091,5.19253482608419,2.14420849174089,3.54183062925766,5.29965306023487,1.91524062216744
81,3.83411439617304,1.37116739167823,3.09402545495981,3.10786930737211,2.55139039466242,1.77424971964493,3.08819794343302,5.28930663983883,3.96438105191551,4.83019743021572,2.51801401465148,3.8758937960561,3.42181129559987,4.80754229067061,1.69849401026359,2.93834772889682,3.92545752930156,2.02100126481522,3.67733184438176,4.77183856616777,2.30269024327308
82,4.40108119060319,1.6976324784112,3.9995236542261,0.981175613106631,3.5170657994908,2.28235149307446,4.41189602316834,5.75322465314686,3.86357973529747,6.29002346845459,3.51037385948477,6.72212340178791,4.50333285909912,6.32788562722625,1.59582765744253,3.7955749028919,6.47838956217935,1.34830622556865,4.21535251876129,5.51286631233965,1.58541832564869
83,4.14091099029337,4.66531510436984,4.00459977095767,5.25131624005478,3.26297412681114,3.99847508090189,3.28287944502601,1.96198958664474,4.08136469258571,2.61407629453699,3.66027199581979,2.52896809634828,4.35165575889446,2.50258748447779,4.92990844938727,3.75292181626402,1.61938138946803,4.54647440325179,3.62567739954742,2.17115891045283,4.9819609753575
84,3.4198370046607,6.02997773839203,3.54970046443345,4.62870773742379,3.05778780427435,4.36821946648028,3.16254844783977,-0.430761610823318,3.57953838958166,0.165160656474296,2.74042797570167,0.141498613640247,3.57633723563595,-1.1422275708133,6.14231493317518,3.92533585718226,-0.240875808990326,4.18340073649413,3.26882481019302,0.524856828620045,4.71042523003461
85,2.64942075699932,5.23157521459496,2.86751331690551,6.05902638065261,3.18543378369244,5.86741300293339,2.87319578075245,1.59593099031676,2.11590787899284,1.77308604327107,3.5381013963618,1.90565041731644,2.92048749526503,1.53649580936208,5.20599193977468,3.26622575331639,1.43849962962995,5.86564024440071,3.06984994035483,1.58997685595963,5.69776329786953
86,4.63946744571386,6.19721446012169,5.09506030860054,6.56817881141006,4.69333015897954,6.33076718452737,5.39914366318085,3.43724109432417,4.85078466385554,2.69573831715692,4.84671348902759,2.9002839964169,5.59606845508747,2.74301305426366,5.7891257636624,5.22129190463365,3.02281320992591,6.22143758988688,5.0053449247421,3.07278376030234,6.39241543198121
87,1.90851803033567,3.8883769242533,2.23879119877394,3.95157416291466,2.60662902381252,4.83877003220728,1.15507985757492,0.683820112878134,2.67288770119018,-0.273495523374031,2.12188305062181,1.53872437745814,2.25685455719527,0.428699396875115,3.896177799079,2.12347602418207,-0.0341529206171378,4.26718563509043,2.61631428041511,-0.374049004588824,4.7453169111693
88,3.72306152024355,4.75105951824932,3.09320919653375,4.75231066858823,3.09430443877678,6.00338163794255,3.815438390725,1.6425913759457,4.12837760642354,0.673036373014067,3.01903048489421,0.877858411687234,3.50069008932585,1.58174880179913,4.69085304434677,2.62350031638952,1.63972337620063,5.85398642855304,3.18413499716343,1.81429797762864,4.7117948689702
89,2.31749605204687,2.61832003531601,2.17398228787356,2.53383293333631,2.38974741251488,2.64880334522962,2.86689416422199,0.545614544395376,1.5653317849514,1.01364372262617,2.16382211066539,0.818788116897603,2.15353688958792,-0.0524731809074007,2.28879525481361,2.31459509596984,0.887837971310324,2.88026886761111,1.51063620943956,1.71991413214717,3.66824801836514
90,3.8003477830453,6.03559081155759,3.05441462530069,5.87357696549707,3.40029917456456,6.13253111803925,2.72876206314486,1.39089821494884,3.02186214498416,0.566802544993781,3.77585222827619,0.760071915865131,3.68223240769321,-0.146039748797398,6.02324780550681,3.10107096078044,1.61435610696247,5.45796279889231,3.79487081876656,0.655112840951605,6.30214399446684
91,4.61996543460372,6.55499784610657,5.43109932174396,6.89178848086856,4.94299960544109,6.65108779800807,5.2952975797247,2.51538700142946,5.5337259097008,2.32755898757915,5.3489195250751,3.22160966682446,4.9080294092335,3.14627382993854,6.5663023694594,5.42521478630679,2.74679491723674,7.03548334255888,4.80638687665962,3.6062033000573,5.6995812604043
92,2.96520259027925,5.440769944089,3.78254446143241,5.68345271887891,3.92867578209274,6.11771252407211,3.74805916198173,1.77865817930634,3.86350198393601,1.8316497149774,3.38325635778023,2.43495521469077,2.77437889972423,2.39788691030003,5.99483630180662,3.55710348826706,2.21256292444322,5.83769407590895,4.09371952013303,1.8624135621571,4.89010803760042
93,2.70844987453698,4.18717659048733,3.16474085907326,3.75729607597772,2.60690701998711,3.80420667632508,2.96738810925768,-0.0382998041686447,2.68278307027168,-0.305494110599623,3.05775584081996,0.149249300399719,2.0460426466247,0.352384463352814,3.77813015350195,3.21995428330735,-0.17010853262008,3.9335538318457,2.89296233180438,0.254052964163487,3.81644924559346
94,3.27069442178913,5.0940882199972,4.10748892781102,6.22001070638546,4.18259986479876,5.20579026238727,3.95957286908897,1.4216311227612,3.83058022961898,1.969104749085,4.25031724829377,2.3275830987586,3.54626081159056,1.75011334683963,5.26696583373767,3.70639193760454,1.78327399645107,5.73149463051752,3.75621404596892,3.06481178222842,5.51236004923174
95,5.35342583544179,8.29752344807669,5.8129274223731,6.64458373418907,5.10824824559214,7.0170015308497,5.73322801285538,3.67637011061383,5.18062224356374,5.06371286119925,5.05920786121641,3.56996833350492,3.88819642005528,3.58278006529113,7.36358055808397,5.39921361918435,4.9582682986455,7.60813561172725,5.03009311109634,4.6542114830137,8.57906878663223
96,4.36341887905639,5.7665743393244,3.91457853235221,6.56981811872729,4.50558841020303,5.43908038752792,4.15693571774885,1.99610966221241,4.19692991102958,2.04345125797527,3.51357165373662,2.29935451972153,3.82299687582999,1.58745671390602,5.50393990454427,4.43912127632946,1.39788475223303,5.62538981098497,3.9264911211975,2.3046967014937,6.29682371903329
97,3.51937380075162,6.24707354768188,3.26311143642091,5.19221757692757,3.13705671417461,5.96441906738473,2.82977207364862,0.820337646698309,3.20426406958029,1.06796646054273,3.04593231817584,1.49271217783795,3.40969929894522,1.28438351989427,5.67244578848705,3.62170240229638,0.361137359442078,5.74313301157483,3.09179921041937,0.373906899399437,6.26584106181865
98,2.55489212622732,3.8308087246633,2.89762818511535,2.87752142425257,2.48869801170767,3.40709755163684,2.35227895212499,1.55043421771541,1.70269330200788,1.56617314676826,2.55943593125682,0.743949661861805,2.56698143826058,1.17251671048956,3.663983040309,2.01879612200262,1.09822489163737,3.51053892737449,2.2966668037257,1.29932976110425,3.99256180074832
99,2.07284363346356,0.721279645549461,1.5419562198082,1.61821840638902,2.42008088175574,0.505701544240538,3.27306564731855,0.200178003610173,2.33841970804191,0.69549603865125,1.70097471627549,-0.339629731921045,2.16856139303019,0.146304747667029,0.0893582650825089,3.60468434406051,0.672256649468486,-0.00600047372211458,2.35344003464509,0.711195588156772,0.170978422234199
100,3.88004928088875,0.802998312668467,3.02267718470245,1.75587448935557,3.96246719967186,1.21628184195959,3.68023786673152,1.43780640191208,3.32857601708359,0.753638358666005,2.87391742498838,0.922259477412441,3.11496362745813,0.96916772195491,1.54898884365963,3.11318049629333,1.64800651743183,2.27410647314477,2.82336147018867,0.692230422164811,1.61139392189519
101,3.15464917317788,2.66633454941789,3.8288665986445,3.20020854374076,3.66927171023143,2.4299898258395,3.49532523654581,0.815144440434766,4.44308659603227,1.17676623716076,3.09104591625125,1.2895850013026,3.75218182793247,1.37840165001961,2.46151216068344,3.80920818325257,0.548732583606354,1.88940425069031,4.29484146291513,1.17850536247384,2.62012621324325
102,3.30788290474926,1.90114304998636,3.93520474350517,1.8314836577995,3.73946445099485,1.01720504200512,4.22433001672917,1.64218762104237,3.81952594039986,1.99592190063469,3.08603643083653,1.73153998570098,3.46384612191651,1.39512822059906,1.54519727231452,4.79575876392154,2.10836042669815,1.48234331373762,3.20898281939113,1.37953904923416,1.74020532819697
103,3.55507591757792,0.895191524747627,3.12609744948619,1.15290326827386,3.53836105897675,0.75503913748939,4.16765878325257,1.3384401334125,3.57830307056831,1.10660756923612,3.10497785032975,1.20625488274974,3.2069521018411,1.1731137998236,1.29330936555194,3.38132124162149,1.00603465130547,0.873908816040278,3.32735595334796,1.73505738832737,0.717505745699645
104,3.07175992316713,1.23036122174526,3.23534690650559,1.47618592820386,3.49034910036741,0.921358193007699,3.8296029574018,1.56491726499265,3.247230921296,1.96685020669996,2.94816846857823,1.99990664221775,3.18092442495031,1.87243706679433,1.23889615260872,3.53555626585434,1.64277910728954,0.957791206858749,3.57569645273678,1.70231264570283,1.14665072913811
105,2.51686423032229,0.657189931828793,2.98004807315608,1.06179748899299,2.64433739064397,1.35850917763212,3.15331370407068,1.2273061217667,1.99761036017264,0.920981700581676,2.4201401882962,0.490302135426209,2.89244708210005,0.269521562001901,1.15676142388038,2.37573809406776,1.16891385114068,1.29780389780862,2.74666088377886,0.950545337516654,1.67808853912822
106,3.3164040906436,2.3765790853227,3.64162896584129,0.747710377351664,3.20305785854426,1.76361279335487,2.66355192715484,0.882874940326489,3.26068766270989,1.18453436712975,3.991570609068,1.51093351121696,1.8875624176221,1.52787532245677,2.95911442605418,3.36708936453942,1.38523791992772,1.62084538066381,3.90988358428702,1.16958726603333,1.1647876951622
107,2.88803022755499,0.739906031626353,2.69618403297777,1.8504002786055,3.05682165361912,0.642216855475411,3.30215051645044,0.535800763642885,3.32323563933652,1.16884245820035,2.88765727107808,1.40977961296942,2.88989514259169,1.77578053478517,0.912263837821643,2.63771348657828,1.01502519353854,0.989129883128492,3.30953752968227,1.32587899521021,1.01131487046636
108,4.78067090068357,1.95939134494872,4.01868951103258,3.35524966968178,3.55478023629481,2.84997502900062,4.5168560881781,1.84788611310468,3.80466656009916,1.95936244388887,3.87971901455813,1.17626913198076,4.31308658497016,0.89511269644232,2.28588088865994,4.50213450849973,1.98426461558654,2.83071221956527,4.46799013195443,1.33416565167113,2.86899277378216
109,2.06624565356508,-0.181945605097361,2.89633410039806,0.0249551521671541,2.52882373417009,-0.97906859197183,2.6600233777582,2.11214988277888,2.10809537168241,0.206085629206068,1.87959098321273,-0.057928583657844,3.03561649624746,0.147498143200579,-0.252386326746562,2.8830968465202,0.285549669276114,-1.11277452650698,2.97095045417689,-0.0600919107633078,-0.48159179874523
110,3.994343136557,2.89602068710746,3.35483674659073,2.73575021463792,4.03581094447804,3.58473906550964,3.214227654691,1.60467620859665,4.38505622473591,0.934743246460385,3.99378456807843,0.424825296303383,4.46406178242414,2.04895333680869,3.19065973354203,3.73880314190976,0.144028958283092,3.05299169668402,3.73807362222741,1.03452254363332,2.84145179474769
111,3.59166095429788,1.84765921561642,2.57808015095741,2.91004773313253,4.86009613010003,1.89109671924251,3.3328973314306,1.2411963296874,3.92691948278127,1.21594330921291,3.31889221841918,2.00434240759784,3.47332917093415,0.938920755854827,2.23281934909224,3.5520244032998,1.24042349843838,1.63611134368227,4.5256610719791,1.6138502650425,2.13750996497027
112,3.98843084103536,2.60036682792863,3.33149198718233,1.42054486288148,4.43014763616602,2.56919765666743,4.07985656695011,2.61136802640478,3.46594211601168,2.50435379880728,4.05282797074953,1.77427992479144,4.19937592530613,2.39523949888647,2.01651239268319,4.028984509986,2.22854780967006,2.00019920476214,3.52591137167983,1.66908759121649,2.33606052478936
113,1.49841464412123,1.47874234484702,2.70471667972745,1.21195743988618,1.95629826996205,1.48990913288612,1.98908732603802,-0.541421934210971,1.99253804203563,0.695170830401198,1.89660906361761,-0.143063199440172,2.90555297842888,-0.477762135596182,1.5974554076015,1.30964191089296,0.0456446189903857,1.76623979426845,1.76687749081734,0.182937748830532,1.60854292122492
114,3.59455645819679,1.07925541811109,3.39474789701118,1.47099159391641,2.59347576714604,1.4191835650653,3.75689143961621,1.94770998135494,2.22646850927151,2.14603448062758,3.21271070316348,2.13782747286911,3.40942372478702,1.69757125727955,1.33592805916466,3.47669791576314,1.615142162848,1.41833998498692,2.95108847807231,1.73797176956794,1.49913387787621
115,3.71550148384986,1.6733365696229,3.35559979626073,1.24073978268851,4.8706993202692,2.22245258910367,3.86508747143512,1.71128976243269,3.33172864123697,2.32287817180126,4.41306533711451,2.1808758462372,4.10797829598156,1.83681410684237,1.81068750557061,3.62513005582104,2.02207614749785,1.98272123535335,3.49094962995452,2.10121315970746,2.4139854544688
116,2.8041212565311,1.90533622231389,3.7381241928518,2.04759626102932,3.65908506152322,1.67068416322398,4.31845915289057,0.973090698371231,2.57608838545595,1.51389194290717,3.28796018918426,1.947548790074,3.00669359997441,1.27368764052801,2.58750747822996,3.64790757163365,1.21555629729736,1.70221272114358,3.34378856640169,1.53165501515015,1.06611317417194
117,4.76269783903188,1.70648839900416,3.65168150321603,1.7403578492964,4.58428082116406,1.55910056341354,5.39701957773071,1.65355134846673,3.39048851565219,1.56400260985676,3.6603755793733,1.93021312458923,3.77891293916647,2.0715471364404,2.14112276848399,3.60814566755592,1.81723686479518,2.06609277163274,3.44276491191665,1.91901522754872,1.95321163927747
118,3.85241889247536,0.818841690210374,3.57860915049535,1.50069348990041,4.56442559242519,1.35591951436306,3.78315403609257,2.74246078592176,4.72654309744634,1.54093617726207,3.50451655961196,2.29821394277897,3.35505172443283,1.81650478196039,1.06174467786523,3.76784677721422,3.22144452840992,1.54401377304629,4.2107575875061,2.26801399610563,1.59462789274251
119,4.86402388546122,4.56102300866687,4.91187617872341,4.67175527164813,4.97158262615067,4.51367148665973,5.51341551944994,4.60040768516415,4.7264730550821,3.74544873841157,4.52651998459958,3.44665414912799,5.00844307661502,4.04244532277515,3.55463649689086,5.35896464423545,4.13696201047222,4.57807961250561,4.9167541676086,3.25498140300358,5.23509798920288
120,2.32129773626265,0.427222357816371,2.70439034739753,0.616175467822004,2.62921596911952,0.443189789760203,2.89767714303037,1.03022424457151,2.68532924790798,1.21783710018667,1.86819407902958,0.964335114081928,2.19650607190914,0.958220520157141,0.686017471978424,2.2122760883678,0.696918479169409,0.392139266388185,2.55615078384581,1.44067622872818,0.815454477701763
121,2.79950761861815,0.90650019388114,1.90031801248367,0.0983408914690144,1.86505345705377,0.107340726761385,2.76809116579512,0.775531198676014,2.86984112555196,-0.00870575178134322,1.72107455702223,1.41643333705781,2.2702954727924,1.23979231383005,0.727222561717955,2.19984823365034,1.54965604848238,-0.0328580313208688,1.69098970066552,1.32255836988199,-0.841962500278982
122,4.827701293625,2.30560926273351,5.18808889561638,3.92988332367908,5.86913638296987,3.19145328998239,3.67829997422678,2.82073575074201,4.85610363301443,2.31041508259098,6.31741605479352,1.90063119883269,4.43355931545007,2.22105363448162,3.42840336118226,4.880563287293,1.4999962653346,3.91697372539623,5.58568829296443,2.45843935862665,3.41603180471287
123,2.04286955921124,0.455642511628017,2.74340996887064,0.563324180713172,3.01706018699928,1.30484689831161,2.6250221068673,1.91271651578028,2.74983669262133,1.58148177035366,3.27991020240024,1.68274162760013,2.63642417403993,1.16967105160929,0.665188707543928,2.67367052153582,2.19121111927635,0.89903348684693,2.77097661149066,1.90117117738029,0.592724476302454
124,4.15441808486518,5.29408346564905,4.30398911293636,3.3694117968136,3.60051255276832,4.10822743801403,2.93452025457104,3.85469067737,4.37923729917198,4.08740057072555,4.29143951649043,3.30859667407832,4.53992104417418,3.18781490929728,4.31608319861771,4.14367807247495,4.01545196445151,3.65105516278442,3.61688556551852,3.40039695370901,4.52559913894077
125,4.30506023384871,3.47915295259929,3.9373523687504,3.35930639275123,4.39172776883541,3.26840706471768,3.28788698669405,4.41440062015236,3.94173744229194,3.69143072777222,4.50598338141513,3.62800792580263,3.62025507757665,4.01258859198555,3.98463510350973,3.52291224024114,3.53141607594641,3.40016939380317,4.45916090731932,4.22782840047814,3.70030091287742
126,1.31899476912467,1.99287444677048,2.84658345527246,1.76749726875092,2.29077812771901,1.60220572255751,1.92125221570566,1.9763399237586,1.43790140539507,1.99629435903065,2.06598917750011,1.76503420924437,2.23629966172403,1.0336380573582,1.98887326426884,1.39106591245092,2.05281998781269,1.97366797010765,2.06582725361149,2.07315725669137,2.83207536376694
127,3.55344824811588,3.74987009860946,4.31652082643345,3.69317209654695,4.62045738814959,4.63141019418499,3.94226473483087,4.3458884703867,3.42139875533523,4.42283428511438,3.75387022093932,3.35473017041804,3.88166122932805,3.89225002638316,4.33619994129505,4.45997735482702,2.86428058336456,4.44070592797318,3.99449320274487,3.74382893116491,4.08155490922629
128,1.57738253260243,1.7331751823571,1.95640221561381,1.06110752240407,1.61101096418661,1.37544445849083,1.60872031123117,2.02351762443273,1.42908216229881,1.55253189076227,2.29646017429002,1.92018038300007,1.6798297625834,2.5068792515739,1.73286791445745,1.28818026177471,2.02639917307637,1.46254601192181,1.8990271845872,1.34445414676121,1.5248943570516
129,3.54609272018474,3.68658157867916,3.35208875105884,3.73398127323652,3.95655613015571,4.03168451212963,4.22093979587812,3.38336630469169,2.61047578026248,3.23553530080982,4.04054437049925,3.38372785555702,3.1129712367101,3.21102589416794,3.78616375376877,3.97573365229747,3.51739000418144,3.46846582768151,4.11534670752033,3.43494768452536,3.6796919978367
130,4.35945382974597,4.433605005647,3.17615375483457,4.65507197988743,3.33191251785647,4.27698449567629,4.00985650856051,3.43323347412197,3.35732606392541,3.26582730307147,4.24447697460502,2.69992438766457,4.22666009397349,3.37436048761352,3.80026268432336,3.97977821802042,3.28637180819458,3.90627598237019,3.80656652644218,3.11556030342642,4.20037611952185
131,4.60542212891079,3.60843116255659,3.81360734453377,3.68468082004084,3.76669299761199,4.502249947205,4.16619994592055,3.40926850004496,4.18506517405589,3.58675513714191,4.45239408138493,3.90965925769463,4.18698892106467,4.39075248464953,3.96176934310591,4.48786453716597,4.17484634681917,4.51258181794916,3.92932483377247,2.68676680447886,3.31638126642589
132,3.02938024184749,2.82938618905292,2.94075543523848,1.95868012986687,2.03582960510505,2.08003701074459,2.95003554067907,2.40285159780238,2.21761740439661,3.42531741644339,2.98434057139199,1.78900845252005,2.88054476714448,2.67761430278614,2.67698312111118,2.28618604958324,2.59117076372386,2.03663207221506,2.24355586346358,2.69298864890682,1.86118158513163
133,3.78821769323007,3.80153731929086,4.16491315758528,3.76908040456292,3.52657123203734,3.41386190053074,3.69437725489302,4.30405109901567,4.11585071445277,3.67606940239601,3.24334979009444,3.12588255528241,4.07147660383441,2.71750473229199,3.05891885271875,4.41654575617275,4.04150605799341,3.66520189659868,3.92906682163885,3.21663060506544,3.82566620531742
134,3.29724916173039,2.6303466442851,2.84892009782116,4.16342259286212,3.32583149274995,3.34727958685059,3.55893177592055,2.76956050025887,2.86867234168142,3.3107809480421,3.39670496471809,2.76825347914659,4.0901192781281,2.80592734471914,3.00195071885471,3.09623911632222,2.87775456717207,3.19009919223363,3.38174230791505,3.16446127400567,3.30194366279438
135,4.16819715247806,4.62446071820657,4.48380470396334,3.54393038555197,5.47917676849033,5.67742913826968,3.91744163864615,3.20777595384323,4.80456413183082,4.89472934066519,4.83191756944494,4.29278580537724,3.81710422548527,4.69387636161295,4.36375135391874,4.80743677059169,4.01462120770654,4.51401819217575,4.73603282977166,3.82008445609803,4.96682205286605
136,2.29686308246756,2.74491249274097,2.98642540677,2.10747268029198,1.91449224312541,2.1475904423547,2.4240653573524,1.36609266530362,2.9384911627301,1.5516148381374,2.88505115186793,2.11661239542326,2.92490479861088,1.80697836005116,2.09134079725295,2.25408596064489,1.79037392697457,1.71378442002147,2.53638000888828,2.18460693319458,1.85290314854061
137,2.20647101733555,2.55746156108102,2.05711935721374,2.07508653120877,2.54328997622166,2.47833804897265,1.62406027845148,1.41931190878667,3.38855942805872,2.76058965983594,1.98357593559815,2.4745526216261,2.89165455246349,2.62025718611193,1.81897015950819,2.04456796235117,1.97184112749862,2.34756889373934,1.82110246303961,2.59544074961685,2.77891278071802
138,3.32922563262427,3.28921309632767,3.49416495304592,3.43922882811688,3.65152591600261,3.36899499532424,3.16749520584981,4.08445419627435,3.4481698785696,3.49352001002664,4.08820243197115,3.42108470230704,3.84632720071779,3.41813357144678,3.38762762366025,3.74493166926895,3.17825819965794,3.23194367364008,3.66159009518556,4.23799890328401,3.34506791320177
139,1.4978829073175,1.15974422741872,2.12548790426869,1.55183172422916,1.89851351952516,1.11619870498852,1.47250263374088,1.97242569147304,1.92156428864673,0.847140308238675,1.28371172235897,1.07241216621924,1.28712837751344,1.58455351155494,1.67217386709487,1.26691821323872,1.72990356787422,1.78606132262077,1.61278677329554,0.968112146022794,1.32544604695838
140,2.43911948767662,3.64409742557093,5.02434373587158,3.37315195434117,2.87763031870174,3.86570943816715,2.53380816444331,3.76972440550094,3.25502672995964,3.72763934887207,3.85242075780518,4.27001506240332,3.79048527281724,3.16153538147175,2.96491696093156,4.1625039660273,3.16243567610845,2.92482041398584,4.85582465557053,3.16255200999892,3.56945828032841
141,2.77240176017128,2.79325557546763,3.0544560439519,2.82082464446044,3.60490091945914,3.29084147806405,3.48051418266375,2.56429648088488,3.28373402884318,3.42785753545935,3.07545991122954,3.19108902174695,2.51152555269079,3.20512805751584,3.05274393003389,3.04336676001241,2.57708338824578,2.9581001874996,3.23669029111145,4.10762646144277,2.94092460087048
142,2.72442951804327,2.41123073464965,2.60970288559993,2.71848215910629,2.30192924738811,2.2328951465492,3.09284897646174,3.39332701179765,2.06557629813589,2.84954002536266,3.29272625135382,2.5491311993325,1.57514978305763,2.91086003252691,2.0823887105814,3.07047961292719,3.68942833765421,2.74182379420262,2.7934252504458,2.50406500564048,2.63050962702205
143,3.05425985490406,2.44604295110409,2.42960394379275,2.27030713655217,3.5156213439976,2.75087461099759,3.06737188649329,1.8496363057079,2.53725472863864,1.99368229584449,3.13321491515612,2.80804283635888,4.01099850394655,2.4605996038839,2.96649338174597,3.27187552933061,2.31947078615469,2.19242137829956,2.74562517147451,1.1092526569803,1.82038183492396
144,6.00703796777142,6.84992349909844,5.1788033594933,5.89254648840903,6.12374587017948,4.50938756224893,5.37440397125553,5.58739511563723,6.50524715545289,5.5495314415301,5.53224053407627,5.56080129077744,5.5503268513634,6.17260521808488,6.82149784899869,5.65495037647465,5.77330454105764,5.3664418309628,4.97199017296933,5.68613025405284,5.70061847672646
145,1.89400187666737,1.0201058212026,2.58237830475657,2.37535669321472,2.2873251658637,1.4549851458888,1.43733210613822,1.2243919655601,1.29899103164257,2.05595353438234,2.87516662178679,1.78014034009786,2.08219228415473,1.54788161314852,2.78702341243866,1.01231691115151,1.71025102628713,2.46266333851845,1.72800995453024,1.78157063098792,1.7472496281477
146,4.66266596548048,5.0292264283154,4.78482360419695,5.36381993518129,4.54180318996277,4.3383341949348,4.4392779288155,5.1905558104193,4.6029977552197,4.61628085912413,4.49304244623387,3.9484610208827,4.79024528899158,4.85568191854277,5.08076663727894,4.67152370200471,3.98354605982448,4.36528467961113,4.67697087424816,4.4034467543506,4.81629152960232
147,2.20616364921353,1.82267267221328,1.88420941370125,3.23053450934361,2.94936391665635,2.06275864289313,2.75568539575908,2.58718547927538,2.1283081754443,2.15609375255159,2.28208068817698,3.04587898937841,2.33035920922427,2.63277291502038,2.1288504190687,2.54299233915091,2.45475887424761,3.50979079895082,1.42745201302177,3.14309776965486,2.32037781360432
148,2.62091153147437,3.20975443236523,4.01936888527232,3.52344487177034,3.86158696378069,3.07573420151251,3.91839784504024,4.40435639835044,3.33928757504875,3.073806879258,2.9757201178892,3.06363032162214,4.44127546961147,2.65513767666772,3.4377280170738,3.362050353312,2.92829200126861,3.12779235725918,3.1162936600289,4.12428146353052,3.04685634769973
149,3.51247473617969,3.82610895733503,3.0109398320941,2.82778445011423,3.12244660700312,3.61657152463354,2.91739147013978,2.89007722643413,3.87883210989911,3.31699368016161,2.93006999616746,3.45647385415909,3.71333460691281,2.9705671502098,2.90043719938564,3.60378801499643,3.23874478672234,2.97479471351552,3.0677001089306,3.08839727174164,3.59318849898041
150,3.94120041536577,2.47475282017569,2.48986029242937,2.63239753691775,2.09752709201022,2.88538709167067,2.00442012507546,3.30231738576672,2.289107568898,2.30762384442033,3.05710949390614,2.14326690784555,3.08886356652941,3.02810599677192,2.47453760646782,1.88650924865452,2.50911078510369,2.66753949384791,2.76231999192933,2.19699180477422,3.06718157053187
151,4.37761454099891,2.92808063165255,3.71008494485857,4.09511860447512,3.11238334742597,3.17991288903459,3.1493698377191,2.96214556358478,3.1241050777245,3.79129357172113,4.09843536969916,3.12067873640244,3.28424394679594,2.77900892595248,3.48987861724152,3.35423392580575,3.47412972981195,3.78096632984653,3.64008214888037,3.7744548747899,3.38592826999438
152,3.95645377800117,4.78995388486966,4.67309680448126,4.60414912232207,4.99437332644702,5.62487564964168,4.38010448411071,4.25037046293316,6.34572130691213,3.93840521734242,4.37142030955376,5.50133460846841,4.85238766935303,4.09481099873318,3.70314670299337,5.35630280156759,5.50070234293724,5.19633125870451,4.2873835990512,5.36816258294245,4.59919765112261
153,2.99255630105036,2.23480998729529,3.45160908783917,2.40437846566973,2.50428860864191,2.5974912037661,3.27056532617549,3.42356004238266,2.02944998278607,2.48708265379873,2.77779808253053,2.84451117945166,2.77598925450322,2.62269689684695,2.50864576852622,3.40477415085245,2.56331539242853,3.29668871687545,2.37978631960991,3.29612273120525,2.47650788645575
154,5.38433872550994,5.79981648076383,5.24537247011219,5.90015841532018,5.94863358016304,4.4522412153374,4.67202434396701,5.2829683285934,5.41921227047603,3.96591749822258,5.56229525326233,6.12919247455803,5.18132238281906,5.44333113102754,5.58944045014116,4.90189130998409,4.92255201788228,5.35349943433343,5.24809291494088,4.56407778366797,6.72886300009342
155,3.40518489734323,3.13560015678281,3.02555331750566,3.36508437838409,3.44888228909564,3.14945285853852,3.46178089808259,4.08254804410007,3.20883430130001,3.27856402671933,3.67855525795538,3.36659093249232,3.43034643425955,4.53797679267365,2.91832862979094,3.32718883970005,3.30638468901069,3.22057426270531,3.30961740109153,3.6697062273566,3.13218821601421
156,2.99736491431112,4.12258836165194,4.02444378235614,3.33211639567687,4.04897471664689,4.06371890403141,3.57551379634109,3.90423784433405,3.50168784706147,3.50219400413664,3.99097097139157,3.57317702005009,3.50033207676705,3.5496806496761,3.69313262282338,3.20412099849085,3.97329135838519,4.23684753772185,3.28964364964384,3.71115104890619,4.2992257015489
157,2.04144205914709,2.23033112932405,2.11006463488514,1.84607917714904,2.03253902190358,2.9652422823587,2.39411765954086,2.19931954791032,2.49815082952646,1.7803423076992,2.27204395969501,2.30304935354872,2.6010633189133,2.2740186418922,1.65115909581883,2.17839306399831,2.08978699479001,1.93853502685321,2.20905550643341,1.94551061731304,1.88182370030549
158,1.09459184213302,0.933442200004263,1.34588278561385,1.53014288243014,0.746410952515119,1.66892133519253,1.4208140851156,1.49353871518304,0.350842258241766,0.60201767397377,1.03286455558971,1.05690061316899,1.20108774786137,0.735026949175642,0.867703011990128,1.850565208289,1.09652767488584,1.45603492625856,1.43991444344565,0.393700902740153,1.12410541010519
159,4.27927376095791,4.78923678236581,5.7862238543271,4.78770450580972,3.61322286834833,4.41598365013877,4.90738505191905,5.44517948941617,3.41773935333853,4.66311077011676,4.59920993728725,4.97894246104884,5.05238749405359,4.6561583048747,5.17169500659915,4.68697171748871,3.73851311529258,4.52080313604361,4.67764047719417,5.19490305993923,4.42648776176426
160,2.88793247924998,2.36434049396731,2.92251868418779,2.46817806000099,3.55304336916057,2.69457114375968,2.51249795076192,2.91264526865484,2.88332864933616,3.36743144952276,2.62221956922387,2.36068022251698,3.41253923034836,1.77748723029005,2.8361900089955,3.05758419498582,2.77836234964454,2.43939028197478,2.7065011479586,3.38785482625347,2.91570423348775
161,3.52900610666199,2.94817342726,2.91006649244483,2.7467575919723,2.01633649954884,3.33389045071373,3.2876629789588,2.57036518457836,3.30301614733972,3.47609066832818,2.93565143903716,2.85557246588195,3.10877057122403,3.12517559808976,3.26565330701266,3.29520148563317,3.52289792411503,2.5607729331301,3.38917707230388,2.76967769907098,2.24767975286805
162,2.80252425748442,2.1327762927658,2.57565594616456,2.96712532692106,2.80571952512659,2.77176600351426,2.39534231083278,3.04950250647187,2.96631904091767,2.93592570706804,2.29388799180697,1.93169052451161,2.44988201491011,2.53889386359119,2.9188354374013,2.86644297473176,2.17572614720668,2.36887931398975,3.26530666281192,2.16032158054887,2.34492406105321
163,2.95513763148284,2.14772353949212,2.842836027868,2.31787164276688,2.65913770415768,2.23867469469661,3.03929701335466,2.91114259006055,2.27145921002158,2.87896578055969,2.30145740412773,2.52489766524628,2.37762445174207,2.07932934773635,2.54588182367558,2.56698017842544,2.76554726973045,2.49290260265168,2.73559379729015,2.74832374701094,2.60309991451312
164,3.63209480265329,4.18398409500796,4.33110438013586,2.83709973645066,4.52972355741806,3.49432393189068,4.25665015632483,4.10948587315953,3.3258005631767,3.58510332084576,4.14001568370727,4.3953158988874,2.59002274720802,4.60023044675326,3.97195531914229,3.78280605144354,4.23462515528318,3.53342721757709,4.62620833183024,3.5165349591568,4.28375309525095
165,2.31952118744587,2.96141612568652,2.16816830166415,2.79695793766938,2.80785589075776,3.08443765588814,2.89831899320791,2.18212752327377,1.75871598536986,2.39675659367281,3.07376738682936,2.20006005062818,2.87532667057736,2.42228776311374,1.85951817085823,3.64726450349245,2.1446230416678,2.48606140404896,2.71143822017724,1.92843372003448,2.71421449323402
166,2.78713338241622,3.11650757491431,3.92539701960985,2.57369866899579,3.06754616964048,3.62860108181792,3.23887114432534,3.52083656566612,3.35811008892606,3.89930010379981,3.21713578909657,3.19407250189076,3.94375481076307,2.64286577489654,3.08234825779506,4.06829901668315,3.09463568933506,2.48935161346083,3.81641763897056,3.5485040275672,2.45073610277113
167,5.88690077369101,5.5868244671778,5.06330548324252,6.24483349362786,4.61700494918589,4.8925417539151,5.66726390440075,6.29042156507234,5.69500474293671,4.86887938405233,5.20151293781599,5.30956199838099,6.21756708781564,5.25122866441488,5.51461380167581,4.32785412657185,6.44614293249273,4.85993343623637,5.50080920682892,5.88309488411573,5.33779750411955
168,3.90885307555562,3.4006495530042,4.68358065684957,4.70461500984119,3.84479443942516,4.47863360427677,3.93394677368129,3.40135759885527,3.98418448877511,4.06846466908295,4.1672838538964,4.0496613807486,3.73577871168363,4.38469843912166,3.21558499327764,4.7458153671245,2.94804946017991,4.62683985303582,4.44052428699665,3.68170954743017,4.36489058020422
169,2.98783583947148,2.67202243239948,3.94517776546821,2.21066405355046,3.22543565178434,3.50550296361361,2.84837655633565,3.05246693011563,3.37932735483599,3.04928882056741,3.53449575626554,2.83876381680978,3.94040053967975,2.82759586162335,2.71065345902052,2.78807439632649,2.90682392039913,2.92092311099972,3.59616073334684,2.53734790216194,2.80393900080001
170,3.36447207322152,3.05720840797764,3.60234399681099,2.75811573641353,3.32413732183558,3.29782321643129,3.03508499614058,3.9798458424834,3.33337971659733,3.52382290479388,3.07623248716436,3.92609382274046,3.51935700046425,3.31065686043687,2.88215388153675,3.46674713792847,3.54698769304519,3.13508318285342,3.4393127247716,3.59630854782438,3.76273297903701
171,4.61528504692222,4.25872111675939,3.82416450579856,4.30406154431281,4.74584978715338,4.62795345576875,5.17242912463793,4.71689936050355,3.41424162504596,3.8223646426567,4.00627192247902,3.84701801510823,3.95062608268767,4.40061827441119,4.1103993294622,4.34315227815414,3.39318195919842,4.20689202412746,4.79352276164679,3.93118209512067,5.59450396380123
172,3.85814517227453,3.68019675944886,5.27967114419779,3.84526551612395,4.14709008074923,3.90290688155719,4.0685184894308,4.39807894658089,3.59652004698108,4.26654768900514,4.48236001512471,4.02214533762764,4.34330379665514,3.71889505456027,3.51593407028471,3.9837739374686,4.25008783446898,4.77330144628319,3.74670967028571,4.0775531949017,4.6034094004662
173,4.17222579955166,3.70740879522641,4.82887258432446,4.3984025159179,3.49140284489817,3.24034636578921,3.80641301516044,3.90181359021208,3.80813185772154,3.75900395342079,3.41044963912897,4.11063159734057,5.02975904883075,3.65805416494381,4.84267143658831,3.79183111936949,3.57291691450809,3.81168853664107,3.77637031831353,2.83896776673239,3.32725647797789
174,4.16369223142725,3.78356617512754,4.23341630463287,3.33208151622234,2.71371882065718,3.11187941464424,3.87692302057925,3.39312367032817,3.83168678451127,3.3074092699585,2.47481771475348,3.91515638176922,3.84136835070202,2.64299352759024,3.63551675428748,3.66595859166623,3.5700479070884,2.95944707015672,3.6373278766778,3.35475851035833,3.23961824468585
175,2.82308766473982,2.17876432765652,2.67487285969511,2.22790768177787,2.60347042651798,2.55521922867579,2.52349503922152,3.03814976746223,2.62307948260482,3.60905337357969,2.41677050551355,2.28119896465828,3.01226557355321,2.89448465111014,2.63090536737181,2.3209760629884,2.45871584157355,2.32400241765585,2.71360079645453,2.30097752715429,2.46911151342625
176,2.77321096492785,2.7866790241965,3.17435103022369,2.55624953437809,3.05659734898643,3.32280117662645,2.62249781108864,3.04554755936381,3.04660914964632,3.37292040128236,2.96307349674962,3.43770243546646,3.73870687612762,3.00391772488821,2.6230803200361,2.73903348039292,2.85998530935203,2.46068240589943,3.33147188881761,3.00611534820133,3.19101942127878
177,4.4830728251564,3.35835176307508,4.80504677512731,4.20196330404116,3.58969667592261,3.47672079674806,3.61461339271782,3.23909461314671,3.83022838884635,2.76943642307637,3.04605545028929,4.61343633114592,2.98055050661285,3.18036401393717,4.35986061440337,3.84230766370392,2.80150141475845,4.14172503931417,4.5301561901043,2.552839694834,3.95230709578281
178,3.71575721095719,3.89386879321839,3.66063333514319,3.78888897762814,3.1826214681169,3.13117968979097,4.38130745345345,3.39504764741129,3.52280700389574,3.1295603886956,4.15517111567642,3.12100549505685,3.16565904638755,4.13987118517479,3.19880484653451,3.55160985085104,4.24204489075561,3.82534312142726,3.45074299522332,3.39854656135835,3.35185783712594
179,2.78636982193934,2.29917938334958,2.7207290910645,3.00942971886424,2.75511850431742,1.70447810790702,2.0353021885738,2.25801731171167,2.79381220484372,2.33524028384305,3.28903409603493,2.88190622974971,2.39756055441357,3.6268936776621,2.95179789448495,2.28624172158855,2.20540546958987,2.62761222642927,2.33652513062578,2.50296247077623,2.04157936323687
180,2.99443999397465,3.36833469548543,3.56707695178663,3.2200305428889,3.60338619456233,3.24546206097154,2.7977431804929,3.60635841368836,3.6685508289404,3.00555891167721,3.03085283641454,3.93433513522909,3.05383111242103,2.9934336129545,4.11219201850822,2.99992956022401,3.11900805911996,3.5961775471073,3.73335476149998,3.44155053985824,3.23305615515355
181,5.08324906308237,3.84077555029303,4.20133687112328,4.27792200660419,5.66470890098088,5.458170117797,4.58582510453703,4.58795648167439,4.48228721703174,4.58840068756527,5.27229567304956,5.03323297166357,4.45151223680248,5.46304888783859,4.60273394925702,4.08207560763381,5.036400123303,5.88862763156883,4.47404581849872,4.5050672467295,4.76728437811196
182,3.5257926569665,3.34933254540219,3.32247678211696,2.47194580108257,3.35433189121024,3.76367049837488,2.82249042598958,3.87078557653701,3.53850907020107,2.88018608378644,3.10769791976064,3.61969257817305,4.25037895747151,2.90686936871863,3.45303337238922,3.67796853896826,3.00455565178836,3.10330670178006,3.24526767011698,2.99011479784994,3.10201497483477
183,2.99925796606686,3.64808884184746,3.93676273270843,2.95814020986837,3.9643556272473,3.85098617303377,3.28096598572225,3.89605264688747,3.92251657732126,3.39549927491081,3.34423009044531,4.4225010049328,3.96977678490518,3.20834120865976,3.68885085036749,3.51175512601649,4.76566571850558,3.66029095049644,3.3406441895525,3.67549688194732,3.46536186721722
184,2.91853050423241,2.24228980588877,1.46553486071748,2.87926815447962,2.70129063343413,1.95779718717234,1.52884697269028,3.65193504029655,1.75643349190116,1.67134112781838,2.66608424477452,1.77952864530276,2.47810457242684,2.49137463733014,2.85424267610298,1.98918149190299,1.59466766644101,2.1154548020803,2.60305846622231,1.58107590382655,2.55246221742036
185,4.48693364354467,3.99983969457457,4.30753094603847,4.71009311470153,3.86665274472276,4.76724011967409,3.92259756577793,4.37264323979557,3.68459928541276,4.08929273474932,4.63074983383959,4.17010170725849,3.79857805367957,3.95186255037274,4.35183430544986,4.07930968697129,4.08895040757194,5.39848947214779,4.02928593255422,4.60670288383681,4.61986155518748
186,1.97461941303411,1.44228713274352,1.60577755872873,0.936481402946507,2.35503809658362,1.2132764208995,1.85682108000304,1.49417687991125,1.97567506014679,1.39330891937078,1.25736255627409,2.68418106572367,1.97243716570291,1.78469292251504,1.94837051435668,0.813179477037624,1.63899803045468,1.14693754452378,1.64198127927102,1.57023262533247,1.75178222816492
187,3.06399726452878,2.32253323651854,2.38063757354301,1.83060442139957,2.77601681202908,2.09027167936316,2.20080765966357,2.61530074483452,2.35642160044177,1.9336947111623,2.178526027688,2.61392163206661,2.98934597209636,2.52396804892003,2.83162351230341,2.32969608279235,1.72449438169199,2.58325833345494,1.70594573879243,1.90604644898105,2.33752109661099
188,3.14987711926223,2.98302907437123,4.97535237893582,3.54809930704887,3.6394741821043,2.66214642922446,3.50206620195621,2.93572260073581,2.85040497266934,3.43821081400583,4.36187663921766,3.26178593370778,3.05201304322807,3.08360884746747,4.06471913436905,3.4651622516652,3.5086870320544,3.97357779019666,3.57073529054638,2.75479714560221,2.9036083518916
189,2.47477819089412,2.81544518985537,2.19733380158892,2.39453197335965,2.33989885292923,1.78653375158974,2.36809199270878,2.44671717432698,2.73240769152983,1.78429163371424,1.80763509336738,2.18729552886349,2.23884964594338,1.98111630155348,2.11735306256693,2.46638643075018,2.36381642783733,1.8850136345851,2.27378322451425,2.2253694372048,2.62109057803103
190,2.64542507285151,2.63523405038476,2.68402058589836,2.59122376786752,2.89739437874557,3.07391073116903,2.79319918915915,2.96124175051289,2.92003717665634,2.83368303446614,2.6135989533859,3.54740714285355,2.53970063334489,2.90210491640157,2.72410175354469,3.25422329572194,3.39747864849808,2.45383819047705,3.15429622039487,2.70045527575391,2.21197999133296
191,3.90212425641633,2.25997107041504,2.7316356671823,2.74048194176102,3.29659376095733,3.15340128042447,2.79570180917071,4.39009020734269,3.20473328390908,3.14467282365037,2.66086305754109,3.50484281032341,3.67752688984689,3.53388307588631,3.18114318252599,2.9831870613872,2.93700240544851,3.02095251899225,3.33697473898034,2.2790968135469,3.11705094667587
192,3.65372766348887,3.86284421111844,2.87331053500878,3.5717075392298,2.98172101817387,3.63981852172102,2.82217394862771,3.45726280392749,3.63506008006984,2.79538032462902,3.79577453812579,3.49604395365523,4.2384178531104,3.10750628335533,3.57158591167506,3.55028326009227,3.21928042651482,3.16918549488547,3.62007597063031,2.76869369045807,3.1766295225427
193,3.79330466728336,3.06190965402133,2.79575745864318,3.57375623132203,3.51690682174427,3.24239681149219,3.03061642606602,3.92694094525258,3.80023207253043,2.85621567274367,3.13535089752388,3.30029011345977,3.14332655563356,3.26243641997895,3.22661920165382,3.52182363593383,2.9877880002531,3.17608204743587,3.39472700140822,3.19464542272999,3.28379782742162
194,2.37369043842446,2.75773685343748,3.37118060788826,2.97228735957011,2.8618941717165,2.56935662122656,2.78758740319488,2.27109949923603,2.91508993743936,2.92309640009675,3.0105467208546,2.39494827485044,3.44403377070935,2.63088071707374,3.02986338748123,2.62223355681823,2.32767124938901,2.26941134708708,2.96460666944621,3.08809910772738,2.08184951224737
195,5.77752946525915,6.25925239465637,4.38037897680397,5.69728412265599,5.13935701299963,4.98321674992458,5.4709411671358,5.45945924717899,5.79093508701485,4.65734152612622,5.56654248437341,4.16249640266315,4.68384838891497,5.70843703543764,5.99007693277,4.70952794122056,5.41225346016939,5.1615011851871,5.22684902175423,6.12341451942585,5.29473351326841
196,3.10770298902424,2.56127802369421,3.25103070401951,3.27192451798534,3.56040963666606,3.41513668581274,2.30390703132982,2.9044113694367,3.20181479890202,3.08696724519114,3.10956988280621,2.90899054136122,3.06257902880355,2.86963256815533,3.12027559802316,3.1406381754253,2.54713371615432,2.97798813580446,3.7806037986622,2.85848974329396,3.01646429523244
197,0.678763174874698,0.537727986430871,0.820164992798364,1.00634259203567,1.03780573935406,0.809619182574574,0.732058757226138,1.13142648988851,1.12869111236305,0.458387887120617,0.899187310280834,1.03464930044626,0.716698141760563,1.22777320042993,0.65929942724089,0.518117249174394,0.875943718698719,0.364754596050514,1.52515902478024,0.435743101660366,0.77592972570409
198,3.54984605769442,4.50978392069108,3.74228444412144,3.95716515440984,4.36681856256334,3.75686176932658,4.35267273356959,3.57949611651203,4.4270451024861,3.30487946906222,4.12506095648616,4.5113436972137,4.30251665906557,3.85871696933512,4.07579845625838,5.05745337432822,4.48865908932366,3.86491150068428,3.34747772369589,3.65161004220104,3.10473915610769
199,4.03402529051175,3.66322807253861,4.88731399434062,3.92658002148535,4.26164023050159,4.18431442606848,5.21397984062725,3.36385674988393,4.66591605568381,3.42998029349359,3.70002792561149,4.71122335402871,5.0687755061525,3.81355621716774,3.83427059639125,4.03692881802394,3.25374469417433,4.37911687205771,3.69558482708992,3.9465692458431,3.65130489988374
200,3.26874723912296,3.1231119618387,3.5622195059278,2.68956764245827,3.02440957976708,2.90253156855246,3.06547085105161,3.07540745227848,3.42263341170188,2.62977433065633,2.78056134687355,3.63871900049373,2.39973358748277,3.10620498309746,2.55687691710964,3.79741379034343,2.66612882109487,2.97227860033835,3.39712216557994,3.15473956202211,3.43337553794214
