protein,batch1_group1_rep1,batch1_group2_rep1,batch1_group3_rep1,batch1_group1_rep2,batch1_group2_rep2,batch1_group3_rep2,batch1_group1_rep3,batch1_group2_rep3,batch1_group3_rep3,batch2_group1_rep1,batch2_group2_rep1,batch2_group3_rep1,batch2_group1_rep2,batch2_group2_rep2,batch2_group3_rep2,batch2_group1_rep3,batch2_group2_rep3,batch2_group3_rep3,batch3_group1_rep1,batch3_group2_rep1,batch3_group3_rep1,batch3_group1_rep2,batch3_group2_rep2,batch3_group3_rep2,batch3_group1_rep3,batch3_group2_rep3,batch3_group3_rep3
1,-3.8233913264496,-0.176079663097763,-3.26915714746513,-3.22493373598136,-0.346433784490559,-2.92818702771327,-3.35265345508244,-0.723190542026854,-2.67379394460915,-3.1396102648654,-0.819141021657609,-2.82651484875249,-2.87841720735683,-0.658498856488921,-2.91565735086674,-3.91676107364351,0.0426913197894674,-3.46268750654589,-3.30070207595608,0.720833562845501,-3.52300894784208,-3.43170097536107,-0.484584246302426,-2.85598232053582,-3.40374530881022,-0.874572185490073,-3.45346532745254
2,-2.44300623484765,-0.573997158942021,-2.546653232437,-3.06558319207101,-0.596136322428391,-2.67052884437164,-2.45026590570791,-1.24362527388592,-2.38191492917899,-3.38446092708151,0.60676312831577,-1.98432182731922,-3.05937528204339,-1.61476761079401,-2.68158312529871,-2.7316151498397,-0.403345230503717,-2.70571369592842,-2.56275311396744,-0.742484172429495,-2.38431868755339,-2.42123282301101,-1.32841810660297,-2.45996622546737,-2.35307585463026,-1.36041395048549,-2.41556415336206
3,2.98087784286512,4.55999148226337,3.3276248680422,3.30611738254958,5.58641774943793,2.91852849572724,3.85121269336557,4.03058072105298,3.36972590910602,3.51670715915273,4.68796809902707,2.95723547267902,3.1800931259125,4.96149703031406,3.02048126240421,4.25182874616562,4.6063895923644,2.77993966571523,3.63380601880742,4.23786423091137,3.75845827031779,3.0400123183611,4.80484597118441,3.93616176321138,3.67001695519453,4.76887900572514,2.0905651620271
4,-0.585375307659263,1.38639614689707,-0.17845586238287,-0.286054367374856,0.718643128094853,-0.702459818181029,-0.0830848974439791,1.06466857407434,-0.329480736969341,-0.604012296124645,1.91482029921178,-0.0438983077917801,-0.570805529274859,0.772426030439084,-0.102240359758129,-0.761644496339321,0.919692177246135,-0.433671807537232,-0.696082335818015,1.62882331569846,0.0457738802657577,-0.701395946620806,0.818542338601381,-0.00243557990349252,-0.848432468206089,1.04592563824806,-0.150684512897969
5,-0.474974144776303,0.668849280460963,0.151777321969563,-0.242522261910469,1.44586563940765,0.0592165245537544,0.769448845950381,0.737360001161142,0.280536143222617,-0.163282833942221,1.65626087281155,0.427187334165952,-0.589928586086041,1.32657453439268,-0.952939371032182,0.335301239360069,1.39302592230824,-0.26229406597481,-0.677563143919927,1.43904849929246,-0.860408386569705,-0.480370750251423,0.409391301204833,-0.548117755669545,1.23692877748323,2.2312414615141,0.46781771467175
6,2.42020863371886,3.81675621381118,1.93766417351331,1.78402762472839,4.82199722887618,2.45377425019209,2.08926066412499,4.31241723146122,2.09524596427071,1.99335479624468,4.07001660292319,2.55172960030953,2.86083184983503,3.98022693040949,2.24875488632822,2.13739138329398,3.62948418054336,2.20599315763787,2.46474042107803,3.58782931948741,2.6488116222499,2.42305257472479,3.92045334797692,2.27207358626634,2.26729424573576,4.1257667731351,2.00217439316749
7,-1.80799882561486,0.0634114123589189,-1.64889732986399,-1.54947856718996,-0.359530137895181,-1.92859828316967,-1.72110137114271,0.0292068062394781,-1.57090053381589,-1.22285722853131,0.0406211499771905,-1.94469094588585,-1.32095820907915,-0.750164545033298,-1.56593247489054,-1.93268937604833,-0.207315282037432,-1.57375660348069,-1.22022709448375,-0.279437664349183,-1.51692517780947,-2.02197875703871,-0.797751919404702,-1.79306690990425,-1.36501902914264,-0.0915387460151731,-1.44345736853657
8,-1.07924538997966,0.444252426394669,-0.395397902247597,-0.101588063751898,1.26458336657938,0.240461671473044,-0.814735882596962,1.43615597165372,-0.509163810792749,-0.286170410884832,0.168307247744661,0.338301375848615,-0.0808624068279045,0.583603091868722,-0.258267717387741,-0.264919587717293,0.86085503877787,-0.629567556524535,-0.0385611721703683,1.1349227430759,-1.04228415819493,-0.153570559795623,0.760933624830376,-0.706612138622937,-0.0978943764136515,0.482836120028731,0.0125436139128423
9,-3.21859219221568,-1.22484484632704,-2.42291614139723,-1.98892452397716,-1.01226490951342,-2.79433358816369,-0.956172631969325,-1.80682371218175,-2.72983403873567,-3.25990523202987,-0.736884908754368,-2.57081418668443,-3.19159798586187,-0.647654172623133,-1.90252439666352,-3.28087391011986,-0.264352472873723,-2.3576650243754,-2.9362471077622,-1.24385667503109,-2.60205616996327,-2.73916014351308,-1.27116984429777,-2.48690329421315,-2.50433746129913,-0.863685590138606,-1.35400947038963
10,1.92096057271203,2.56857076647476,1.3564508700789,0.221127432747802,2.61113266359808,1.50714377820333,0.47595777569743,3.57344212130129,1.15014633378861,1.64517138688113,2.39797924369607,0.831146262570784,0.953827516281408,3.04727055745648,0.935289226234625,0.888890698320659,3.38271573331487,1.37203536523548,0.841516530835567,2.75138533496173,0.932413573306579,1.06908894280444,3.20722161133246,1.41447486331005,1.54027270157187,2.20948991398324,1.30987656264276
11,1.01647864122041,1.68421279987158,-0.117157955854007,0.330375391509966,1.93967386313209,0.557352767514648,0.833866604231762,1.41903281795733,0.401786159796743,0.307445392154056,2.24154029045664,1.08448617903074,-0.00874760077404524,0.859694189566532,0.640776924973568,0.805733631787403,1.6128111175617,0.678671817733016,1.10049336556222,1.36802785607444,1.3629694602254,-0.614816350445026,2.35337312009376,0.189529437020131,0.724825678427785,0.614266379098693,1.02849009024296
12,-1.72414473416133,0.231010468401264,-1.3405398961996,-2.14731120143594,0.159366999854891,-0.376093180928247,-0.921276913683611,-0.276900990439783,-0.820769066140272,-1.25743581212709,1.58821292765635,-0.896777845094936,-1.88395814602996,0.607594067636006,-2.09299150723372,-1.57600643960804,-0.769494164657918,-1.13667568882147,-1.51841367195615,0.0946227965382391,-1.30733228888696,-0.852279512279391,0.385468768261344,-1.30521199717925,-1.47834305883709,0.284308787342868,-1.64995236438881
13,-0.88887698830021,0.479163963578572,-1.43448467588198,-1.44049074647447,0.39662280633882,-0.232132313719712,-1.32474786406315,0.813661772924083,-1.29969048846081,-1.11289609612019,0.19923181793078,-1.27192896205923,-1.15292273374749,0.741403123358365,-1.10456082337865,-0.296439129305663,0.496160882941209,-1.29058215580227,-1.3207039342061,0.40474168222943,-1.61354148879523,-1.94192182570704,0.733956544311694,0.224359712248553,-1.10927065181237,0.569949927154339,-0.915728048605856
14,0.711036513500612,1.56673604753048,0.316130566617574,0.503195142513944,1.97492585103161,0.640884542606922,0.137934764553975,1.38298427640255,-0.603429216776044,0.24280624746406,2.71500031195657,-0.0594129627508693,-0.0909837126209956,1.86813385097822,-0.194200863720839,0.282413396688714,1.73280166955926,0.181095836593673,-0.204861877486164,2.42814970522052,-0.323942920418566,0.809330505862961,2.48656657917941,-0.0816356213386271,0.107321845608868,1.77547738305361,-0.308252298840862
15,-3.56376339211714,-1.59324422110775,-2.98144619020479,-3.96744843483757,-1.73781149712551,-2.26417203412341,-3.9974502282672,-2.39561109612681,-2.65185567889196,-3.26281793413387,-2.1459190473722,-2.98353080994436,-3.67209073037278,-1.65393266991234,-3.34250565853935,-3.76197655471517,-1.50022287732995,-2.94348197809465,-3.52500201568686,-1.96500443165946,-2.9438681740306,-3.05397138674143,-1.58873601915214,-3.03944163277278,-3.55277253090301,-1.92836804155019,-3.711425411866
16,1.07399307834113,0.0322673905473083,0.989144142774042,1.21910099410975,-0.540456264795475,0.490195909005019,0.534524121385936,-0.00849595370020939,0.618185684074418,0.721206801120642,0.16275208590389,-0.127932424729453,1.44385866968991,-0.731710644702227,0.559554585949598,1.81856175197306,-0.965306841669927,1.61825653803432,0.943583443553421,-0.417501178697117,1.25074638688397,1.45935983851316,-0.456246436042401,0.426956512101654,0.992777842491318,-0.123078126888514,0.447284397748508
17,1.06585905176456,-1.3499253606699,1.47562601722431,1.17012758919452,-1.6046314439681,0.380720962677404,0.290161617451714,-0.59517552990357,0.575432659053122,0.938751273049347,-0.90048711877759,1.39508991334807,0.937518300217164,-1.17071624699601,0.115262703177506,0.627958364484621,-1.12285376183595,0.616224405951555,0.371136592791041,-0.619787829137095,0.62215517368305,1.26749713517167,-1.06985227171391,0.800538183853735,0.162585146482652,-0.80702336547383,0.718796120985628
18,1.05695946084566,-1.21076150883586,1.31845162671356,0.664080598415153,-0.868475741777965,1.5262820056698,1.78491976182653,-0.986955833041345,0.77691218775351,0.79578577730332,-1.64668197656391,1.5152215397406,1.12321120193219,-0.652894871801602,0.877072825360069,1.25327279809459,-0.300001942171267,1.02812403503955,1.50645558667037,-0.422060041095228,0.137377014714168,2.28300735309984,-1.61626337463912,1.53592966465455,0.911213773853739,-2.55106804304952,2.21392885955746
19,2.17419963904363,1.27872835456377,3.2745740176827,1.93952622413598,1.24322603205978,1.50952766257831,1.95538284702899,0.0211895405024922,2.05326018521176,2.47549787409189,0.60689064204792,2.56297361069331,2.77460068743083,0.429140811599361,2.16261013443958,2.71158424043279,0.451443832960147,1.36126818963129,3.18042775188203,0.487415188968132,2.86150248102007,1.98140469193945,1.01067916865831,2.24274669419133,2.28963545140866,-0.3943888555197,1.86810338947671
20,-2.51055679921973,-3.30606052023153,-1.77429030279162,-2.6448089068087,-3.07716773805353,-2.8190428798008,-2.29403382179387,-3.19814927585065,-2.65895139092088,-2.75269905095739,-3.61039516600456,-2.26093498466281,-2.49984344083171,-3.14285086851684,-2.64389767898266,-2.35909814298868,-2.94242704297941,-2.07544074464592,-2.23121545621593,-3.07129535498377,-2.22265126019377,-2.97687322522078,-3.9827089306935,-2.62118579701356,-2.22315318276936,-3.81892904241141,-1.07751064017017
21,5.70472088501361e-06,-0.77104377809937,-0.390659418150674,0.00797078077340085,-0.428089355930874,0.0219555897770567,1.25665725149286,-0.764155512806378,-0.356160151538614,-0.0974231497676463,-0.846377709312033,0.766130130643285,-0.0890948734493318,-0.581643171367219,0.359681317017291,-0.293842757511793,-0.433490795025219,-0.269115251897965,0.201129092398785,-0.982369035519981,-0.232786208822569,0.592252475750644,-0.101161654212761,-0.419005561134576,-0.360530601103826,-0.976233734338009,0.928293211175133
22,-0.271384316284005,-3.42415764400197,-0.700495878668171,-1.28603315814035,-3.56760149807739,-0.779001768574051,-2.04166101674509,-2.3792202066259,-2.3134267525792,-1.1208535516427,-3.18872682471321,-1.05176325385261,-1.62952855406994,-2.58828793451691,-1.31531383808219,-1.30574471654138,-2.75762133868303,-1.55177161685901,-1.85951009907275,-3.27015378432653,-0.705790187587756,-1.79994526950889,-2.43979923858239,-0.905968427186462,-1.41122059036691,-2.80633648216455,-1.37849013702557
23,-0.678621321361294,-2.27906396645223,-0.979597419847476,-0.825248419502841,-3.08258521449131,-0.784781420373318,-1.25886823514192,-2.76012986731266,-0.995463064452272,-1.28149979022563,-2.140575853076,-1.08026662160339,-1.3440564802297,-2.58368320229425,-0.672969785897613,-1.2125191374192,-1.98496502888498,-1.26006977733399,-0.323515203860065,-1.93386963533092,-1.16440248407842,-1.21059869635262,-2.57612169356773,-1.23023128573717,-1.06680912270758,-2.84659631632267,-1.29051935668822
24,2.10733978000927,0.736943365678962,2.33263437058357,1.73499701231491,1.43046435828007,2.23159560060912,2.84916240813839,1.11916513264797,2.28532435758155,2.39623475015622,1.32512833085374,1.8735665147427,2.62504993782809,-0.00472513401511687,2.60916453047265,3.0137227535228,0.392652369115293,2.62690206436539,2.42650024987133,0.891473817823066,2.12093734851029,2.5051791811471,0.50569894976058,2.12643104909726,2.66138122913731,1.20651083550509,2.38858697157415
25,-0.203903457017177,-1.1834961252817,0.180870600735568,0.423298666330586,-1.14896933251593,0.209554021041641,0.220214501181517,-1.21325045162969,0.0825124924246099,0.326215847106111,-0.994905755110403,0.250838970736803,-0.135761166165685,-1.38084830550668,0.400935747224056,0.62856118345559,-1.69425801848749,0.0504035740301774,0.372410875139313,-0.889077273858732,0.368174590477328,0.00920025915705569,-1.5327858365727,0.464275557958715,0.0850911483446053,-1.5329915416164,0.0724175041330932
26,2.25845871366963,0.848549248736493,2.5757040597155,3.02404263559892,0.356127259194045,2.18842013793099,2.1154581766038,-0.106384976395455,2.63930064682981,2.29136002913172,1.06334964784314,2.98674376585474,2.40513029661358,0.273338686518285,1.48134995256162,2.7108874864314,0.758579205905343,1.82003922507185,2.386159164697,0.422695802927246,1.63948668003424,3.07865665762385,0.73278906005001,2.42906042508792,2.14817110536347,0.89752602235575,2.00988390314373
27,4.23932236644033,3.43752870377079,4.22409300398518,3.91358687719677,2.90008839236371,3.87346180086894,3.44735066854112,2.03669605280286,3.86335559250339,4.26903471200312,2.45064735556968,4.04559065084491,4.07862067562739,2.71500037451699,3.60569588444803,4.33053331174831,2.54219402763484,3.78136308567506,4.54975457677723,3.19523067335067,3.92171996138534,4.37187148600186,2.15981158256201,3.05349133428547,3.86306710803479,2.92841433416389,3.83719931235277
28,1.21131754090217,-0.141187952283466,2.10087769100315,2.37132389935657,0.337265314659813,1.48187770731803,1.43688729901758,0.415332792156308,1.14904694253075,1.11348055567631,1.16327196476998,1.63427798709894,1.18719464220674,0.337187502440398,1.2146257732074,1.70515307821712,-0.0226746224034162,2.02775930487286,0.997887654188144,-0.0839460350450496,2.19488643807256,1.52759377908108,0.717779682840421,0.165574931174226,2.75040020127457,0.509138369367789,1.6975957108532
29,-0.546188728073695,-2.81769554918942,-1.41275132559369,-0.664297571229431,-2.18346485825744,-0.940217604240922,-1.36142858057138,-2.51267095572366,-1.32188363556839,-0.8941620223731,-2.95936849405071,-0.677889935149766,-1.22015415496079,-2.41176656721081,-0.659507292846133,-0.99552253710146,-2.7143265818265,-1.20161906003807,-1.21972894994282,-2.00898978745433,-0.808527299071136,-0.765437655043637,-2.65312510557943,-1.25664054802334,-0.840189965526194,-2.88705158835506,-1.2842466952435
30,5.30621572752075,1.74938619256353,5.72974290187464,5.3020353946633,1.99032912788325,4.85937640714958,4.86191971179097,2.46309922214167,4.32474315519697,4.43794382005959,1.94057669601133,4.54315618449205,5.36615231913589,2.81998835640971,5.60889761387533,4.74410181823986,3.06282462944771,4.17810275907063,6.49774900743507,1.98627074443093,4.70766169605194,4.96948435495297,2.27560569900698,4.46664808657316,5.28409626849184,2.03682572134002,4.46128674600721
31,2.62514246493902,4.06427673513641,5.13203310306535,2.9416749516039,3.3828872385016,5.47744031311485,2.16996739907738,3.24722797754283,4.76367894872002,3.26431416506085,2.35512587395704,5.11681261190712,3.23011378921912,3.26349281732357,5.73004309763369,3.0047529315513,2.66267995017901,5.1517345137165,2.76424022305324,2.54799436357626,5.35671370547829,3.24310324686841,3.18022283088484,4.98250251214717,2.64329276798224,3.36042016807706,5.75811332115713
32,0.167609158588993,0.811280513158907,2.47370888467599,0.3918394774537,0.585291772446667,2.09771854131406,0.211154475264673,0.335607618125454,2.25343625004561,0.0867052342218502,0.509420497032857,2.28906644875671,0.363890405598785,0.532806184653757,1.86360690381227,0.503686527616638,1.16382564915997,1.97707823930657,0.911569379365336,0.496457439295728,1.80960889489014,0.689657275844026,0.23051565332304,2.46350850980687,-0.319987912250918,0.891882739658869,2.07914660269985
33,0.199987358419301,-0.167811236932891,1.04840685036844,0.398691819547198,0.799430604250446,2.14130128636437,-0.736445442834704,0.175231525408321,1.34519244874539,-0.457994404832032,-0.103688838743389,1.35309148128809,0.347642497535082,0.577960438973437,2.72494612328135,-0.604936954833835,-0.121027951450967,1.48127590940983,0.244805654072081,-0.307956662345593,1.64265949473579,0.240316293623095,0.464199582260799,1.658208077651,0.233947719903509,-0.115410883145858,1.14077378712524
34,1.99745030551477,0.588252060323798,3.16795893951097,1.61192291877779,1.19925500324251,2.94379868406353,1.3091300888489,2.19704479925371,2.23156010343883,1.37011133310581,2.26509462702375,2.668939379196,1.49821642586606,1.78237750029223,3.26249085122632,0.82676326138879,0.725031425022046,2.95608022715908,1.18064860435496,1.78281228653012,2.82772057022314,1.1749086060541,1.26956124758603,3.02273948605349,1.54813014479298,1.49976334220213,3.08686426589282
35,-1.22336196682497,-2.34276546478924,-0.00242009251094988,-1.19318273081865,-1.25651092891895,0.352791611903711,-0.846845418021401,-1.37736417135304,-0.0894594757654819,-1.43567265087642,-1.46191872916349,0.170915023959159,-1.36172065598591,-1.19140357269925,0.31090418637007,-1.58668690348927,-1.41062412554447,0.0408493712501734,-1.43616829363758,-0.971958071526477,0.114834105993534,-1.37745593115946,-1.46755958233868,0.615124367076622,-1.20333559649626,-1.95168097281286,-0.239064680176544
36,1.12306782537951,1.11385330439521,3.27609196450559,1.75494993806396,1.79577381393486,2.64973342989231,1.32189280573516,2.25437853081506,2.48405679313029,2.01455190325836,0.752019342858673,3.26228952408081,1.00199514849268,1.48833133655177,3.04183328890161,1.48158834287539,1.54899258447924,3.3228041376632,1.49663280056168,2.45529641205226,3.56955232840487,1.4738870880519,0.311030701522067,3.84057125073838,0.419298225128736,0.841169841479346,3.48497501220171
37,-0.958361397548233,-1.06181951038511,-1.23454359168568,-2.10793987270607,-1.0057295203492,-2.40204329031178,-1.50825132572313,-0.881207190732329,-2.57586767455088,-1.40261540786642,-1.59437031815169,-2.31419290886356,-1.85352840098409,-0.588057596307063,-1.26540282274115,-0.59225464125835,-1.2306338058644,-2.6522042955641,-1.66873812861799,-0.827611395094537,-1.47195598371321,-1.58767101218676,-1.10537538917318,-1.59036819958543,-1.3927371979486,-1.35915520633884,-2.49016024113056
38,1.88337537150475,1.08138677924231,-0.717968557576687,1.30318557634381,1.36725883042239,-0.68387526244096,1.45423072775568,2.05999353446448,-0.19281750678269,1.30065117610134,1.33561114973487,-0.276434331094647,1.27236661474092,2.20384397967355,-0.688777092982404,1.91241911367428,1.20889835988145,-0.782549278015885,2.63218590804339,1.59668133782316,-0.578571250743026,1.55971191122253,1.23442977696212,-1.24294108269168,1.51341256085576,1.730373410259,-0.957386578611465
39,-0.249071103690317,-1.40245646948011,-1.74256380108552,-1.03020937296788,-1.11069256289272,-2.29086913655812,-1.56358727365477,-0.994504402111041,-2.18144107678924,-1.51764797716329,-0.93407983278211,-2.13708723569129,-1.38165679011057,-1.06904046886687,-1.91640668887567,-0.784035908087458,-0.463185496478552,-2.18878429981763,-1.42504913442693,-0.640534422402415,-2.347642034675,-1.62956595455864,-0.263777884063229,-1.81691070524817,-0.915174432202885,-1.25509310114948,-2.22238896095956
40,2.26395785903964,1.91287615111532,1.04696095812245,2.49976196762775,2.27572921389117,0.562309968234177,2.29408508739555,1.16879616819551,1.8444561374143,1.62342564661601,2.01876748277551,1.50492906623683,1.31233128901934,2.06825723986988,1.14656055333114,2.33052768939748,2.85298064925698,0.982657192153606,3.07682606654,1.8200806921982,0.789366542583112,0.954725604528745,2.15071438516544,1.4157732680876,1.89333175304768,1.97018364845984,1.66269418397895
41,0.680154493682008,1.41636040160845,-1.97148978149077,0.0825779404301281,0.370566413934256,-1.50780741506398,0.557243539237843,0.154515574264876,-1.3741459076808,0.963503988387528,0.676199495843864,-1.8708702721653,0.339005870933601,0.548044855837078,-2.12252962474579,0.457870391543536,0.997577027741213,-1.67881941239767,-0.617840321445379,1.70021286986181,-1.86962310615848,1.33874798100629,-0.112732573635873,-1.45071973976404,0.565365515935446,1.03275214162352,-2.25783287413013
42,0.926243814703011,0.626028338124836,-1.09861339690916,0.838587766845823,1.56169483513991,-1.40735202054241,1.00490775007569,1.54444543422678,-1.70930631823108,1.66982334853027,1.80876669771316,-1.07876816070388,0.163567273486446,0.296825395855397,-1.63675339968242,1.3874749589662,0.736587219796562,-1.02123955510723,1.16146648197926,0.754015317638945,-1.41985564176378,0.638651186475479,1.21175987598635,-2.27115331392387,1.50153785479335,1.12733817364345,-0.483646245200984
43,0.627308396901003,0.550258201085317,-1.45162407864478,0.594715550005293,0.791818391063625,-2.10907178942386,-0.0614891236008619,0.590252491935003,-2.36446999793756,0.300799414736426,0.775064852245705,-2.64228166308991,0.0567711409348597,0.721456248542256,-2.28636501705861,0.404279687633593,1.67202218483146,-1.85959249314629,0.638604451881331,-0.124693402745955,-2.24125886451077,0.968533223939241,0.662206891032573,-2.94742000011095,1.44169146099596,0.670553330081468,-1.99323945702714
44,-0.800384453116524,-0.9276500612822,-1.4738612735448,-1.88575025887312,-1.33814728852877,-1.48281957276086,-1.89558192927767,-1.07144923082323,-1.25520467168585,-0.906360217843833,-0.999523285500085,-1.73434816408303,-1.38252595803689,-1.60385876204298,-1.99345589825632,-0.666965884433701,-0.713549495701057,-2.11132515512681,-0.993042587077139,-1.2347118753983,-2.25195835755689,-0.696940481681629,-1.03755903305467,-1.70906751767915,-0.595410232416672,-1.45523795921083,-2.37749308855632
45,1.35839636341286,0.839109636469573,-0.0424403862080425,1.83557439291157,1.21991244456276,-0.0747234606512501,1.45227398450386,0.927169513889687,-0.392574636107098,0.4339859181415,1.76227286331542,-1.14663310246274,1.49248457178792,2.51123984896678,-1.03302422263564,0.826044853174908,1.56386345285154,0.629054089400763,1.22135116155061,1.60047364501022,0.112725334141605,0.900824914821589,1.44464547018982,-0.416657568635977,1.25180227075644,1.90224595131607,-0.786566298084556
46,3.3243430576555,2.60983246040392,1.38502800588129,2.98619780375498,3.01013187699423,0.930383069218359,2.69980577532183,2.99485894059028,0.910752024163007,2.47838488571124,3.37188896986093,0.233629228558454,3.23568963887012,3.27443641269267,0.501019913112036,2.95296203624969,2.94166194894318,1.90776164272872,2.98169462557562,3.07150450590621,1.16044359245609,2.68617276844225,3.52873816234234,1.08234979431879,2.78195290780304,2.71373853746324,0.914664833762364
47,-0.0232718053866892,-0.606394819727838,-2.21082197196283,0.55916816811138,0.25526395653338,-2.30975571291886,0.117632700408448,-0.558522895466018,-1.95805636226277,0.443354986179991,-0.424252295595952,-2.04913448072429,-0.429353302641544,-0.0519612380722272,-2.11038957929113,-0.4043238376979,-0.230474984457845,-1.51913208982823,-0.310695155286236,0.596453724667506,-1.93854540472474,-0.199017508907145,0.257151359965787,-2.23770286301678,-0.552487566664088,-0.208511366637234,-2.11462265684145
48,-0.751935336495274,-0.30459275370176,-1.15074654871511,-0.825610349494479,-0.654664356659864,-1.90048951072058,0.229476967169197,-0.838166124292167,-2.04518905073679,-0.00909434990861158,-0.547226658742749,-2.13613822870086,-0.438656540358902,-1.53279480598875,-1.39970940426129,0.0366791853137265,0.281900420927448,-2.33928847468952,0.00256177629651955,-0.422792404493112,-2.14123794454186,-0.358064227688101,-0.205286259917687,-2.08014060556964,-0.124364708835236,-0.731585229402929,-2.13509914625008
49,-1.49349133871108,-1.05704390444136,-2.1186602629121,-0.953982915983771,-1.34963179784224,-2.18742289395239,-0.543646505838383,-1.73746078271,-2.13356168040447,-0.427785214773764,-1.60492517773742,-2.53429780297816,-1.60597377243886,-1.03842030141031,-1.80725223129125,-1.40985496846355,-0.999065817304373,-2.15356209410758,-1.90071652490337,-2.07148043222132,-1.86263993538254,-0.846064519049316,-0.958137318198737,-1.6371704800916,-1.22225028758503,-0.767404850004986,-2.26336863351263
50,0.393545392386645,0.45978734620448,-1.16534433854227,0.831753060694809,0.727088484131016,-1.44995625989984,1.16283490627834,1.16224085340478,-0.926050017053366,0.415645967962535,1.25518563923249,-1.30384689405623,0.879661530056286,0.414664427251051,-0.540074638056652,0.755607474609817,0.547538279066908,-1.22268272145526,0.836093151525111,0.132446850960081,-1.19251994805574,1.21755776317412,0.75107514049151,-1.3989517084367,1.06980829783432,1.22507041753218,-1.42413235472355
51,-0.715732014009896,-0.318514940070804,-2.07266961079555,-0.284138778079531,-0.712075904298989,-1.69647761502514,-0.0582657207226456,-0.715942209280005,-2.00479157977121,0.378258922824639,0.2886920410471,-1.39566620571943,-1.33564894715815,-0.704060782392256,-1.88591453658752,-0.457684938390698,-0.856772197338048,-2.61748786597255,-1.12832941302274,-0.151386121472231,-2.04226909333881,-0.315383137805654,-0.744496046979034,-1.93576876704405,-0.29961238712837,0.293417314379855,-2.27505215988494
52,-0.494639189030131,2.30867667152414,2.73190668091646,0.800163643037902,1.89292418584235,2.11485683542016,0.346020718937052,2.39325197647287,3.12182324447223,0.51093085262651,2.86263965905969,2.58889737656719,-0.0737251072153411,2.52638171368357,1.94040028378079,-0.306694696632508,2.86848087702431,2.23407639660156,0.679944463142242,2.1705387196129,2.60915810376834,1.01670277597008,3.1854989555132,1.84220046338517,0.749218336435989,1.33865662474399,1.51011344623712
53,0.810456162116403,3.11950831296294,3.76500213246393,1.45500198588792,2.9274520378497,3.02502614586065,1.38565957284388,2.69601315013516,3.12942171085869,1.47878734817043,3.06548195918759,3.41691985263283,0.831512000200219,3.25102123045494,3.42626608520362,1.38288377402663,2.72393708669785,2.76159377778079,0.768494517789226,3.93938964875512,3.00641597905907,1.49650786639008,2.54364007279009,3.68088887789798,0.987061639225393,2.83620682799002,3.13066305755833
54,2.29359698738343,3.9986749839754,3.42918714692116,2.00223461619328,3.05835845031417,1.65544633428776,1.51340089105339,3.39865298579367,2.39149632579033,3.49943196284995,2.63714905183255,2.13992939654429,2.21680189341516,3.46717452359851,2.83664630470675,2.37115731629988,2.81249068046276,1.85771986495156,1.88778044192724,3.10150183838196,2.66434968897497,2.12030925451707,3.51072192414597,2.75440691846572,1.94735078424222,3.50024950027012,2.32683768987502
55,-1.18270001175954,1.48567238853861,0.368137844470711,-1.24135270623077,1.12390867754761,-0.72432574188625,-0.682325107227483,1.57713384210229,-0.608415573540821,-1.75157520642732,0.82225744893452,-0.829855548968763,-0.273876313795853,2.50996153102631,0.55457804112263,-2.45724053370321,1.7972455507666,-0.286453836568029,-1.57296663646314,2.56185255792867,-0.567923127649316,-0.970342788214287,1.64636669265269,-0.404389396460616,-2.04426554178392,1.84094480896752,-0.100752447320818
56,1.68653521847304,4.44351543811881,3.04831256934469,1.56600538955064,4.95846038552227,3.55270647850849,2.77166475687394,4.6668684626075,3.58486438029508,2.21095518891,3.7772587046602,3.81990515402991,1.06422131715747,4.65731303022251,4.09629597774849,2.672697609087,4.35898110934431,3.70452654910476,1.98911067248175,4.55586055053171,4.16804180400028,2.09248334285067,4.96375434066139,3.53221095250978,1.62730328177143,3.75478223395431,3.69744644908906
57,2.03360836431164,3.75721006929558,5.30044536256194,2.66290330490009,4.22828575277993,5.3482010310845,2.35267645402493,3.78274433081823,4.97608266761037,2.06278224248705,3.64642982444597,5.84766511161202,1.89029265047043,4.3660507780901,4.89558473312188,2.45210142182847,4.22320225030375,4.99953366809581,2.04661006712865,4.18991574637249,5.37365387692229,2.93024151760733,3.7502936490955,5.15079716056254,1.90387534119193,4.21827135030744,4.90417020156471
58,-0.342827862116176,3.02070256150258,1.42149339541307,0.435302562971958,2.27738866184775,0.910182514042598,0.860620441262976,3.00824275648747,1.75797269280827,0.151638425652319,2.93305448411992,1.81748917109562,0.584454141525058,2.14783595886368,1.6501547296537,0.845973116864931,2.21490375459001,1.07060892099053,0.22092885145395,2.27124430386873,1.47123308537262,0.568222878106507,2.43984611083631,2.16097214693167,0.0944816639133563,2.4713119668249,1.70422055590355
59,0.842399446258524,2.26697627500066,3.00430555883537,1.22288656267722,2.56957203456358,2.19662709756833,0.926541329288189,2.12580044214438,2.31190875958362,0.781749125906758,2.40401668879591,2.72841023213971,0.861493293346152,2.01100882224037,2.52236586049961,0.999611618973105,2.22710692576509,3.00515447200904,1.23948678802903,2.26243306713147,3.36205975118239,0.584107882866137,1.9252336337794,2.79019180206652,0.16224199858968,2.36806941957002,2.90458354673681
60,0.315671348029512,1.52509903806203,2.96493329558781,0.00458371885230324,1.7097714914303,2.38489431453993,-0.10290980769379,1.72983416948291,2.25973321337616,0.379290018866793,1.92764275286335,2.29669613965021,-0.112655676402377,1.70472639504693,2.63566338241064,0.564419557135945,1.25232928933658,2.21191179075665,0.0518800567334683,1.87704578729931,1.82626548205797,0.0810669495358267,2.2964848725348,2.29267393535921,0.330652677181532,1.45503293836299,2.59019910817597
61,1.74993037640576,3.54926236802018,3.93974676341288,3.47084362080158,3.51444430927765,3.01651412842195,2.68263487904348,3.67673821925593,3.60000216202331,2.75346993094454,4.10439987845254,3.15612946028396,2.12077040355945,3.45225126452035,3.37155935611587,3.11123507148809,3.97768962626563,3.2958893610534,2.61885762800589,3.52705837056545,3.28504903808518,2.45038078405265,4.76400724186963,3.70042603311921,2.404144903655,3.75161409459715,2.73443558656109
62,-1.64792017845685,1.03754900328661,1.11540262482786,-0.699761272088807,-0.0104238762304316,0.441250384449905,-0.571967717856176,-0.0870416982944811,-0.214401709985657,-1.0568392667901,0.360548071057929,0.0349415938386732,-1.22936567238806,0.271634299225805,0.978947546047667,-0.573006515371259,0.432904851288471,0.286074869269407,-0.00831675957430633,0.598808349141994,1.40605011315907,-1.54407214989975,0.195095803857882,-0.825891631157819,-0.847754504820191,0.397312668795283,0.262281490858095
63,1.18091257515373,3.17898407816916,2.15011430622855,0.48098489551836,2.54087348490232,2.56125709073107,1.40337869640167,2.53601486680184,2.63959901969315,1.7117288526734,3.06446560310829,2.00753465681113,0.653018668067821,2.62539503755745,2.16124390570968,1.60482303256148,2.06472741090571,2.68665764686578,1.26366992022527,1.89645016566219,2.04946431208091,1.16612247064168,2.59710987403302,2.13249957526748,1.392531456131,2.91313438257056,3.13385643071263
64,1.6064213688404,2.21608575210738,2.47176037046711,1.97940307922299,2.00780211114554,3.25429580822029,1.40250217147007,2.32820395569922,2.12655788273599,0.938631517116677,2.03652368920062,2.83598603768122,1.55255099169472,1.75123652369387,3.06221122624861,1.71102088757942,3.13856881161586,2.5732168919121,0.934462591928901,2.46945518129605,3.16331395444115,1.38445968089384,2.51302768909537,2.9593221819963,1.43734101124771,2.65771703398025,2.03323817861957
65,0.186723221463805,2.55854640460249,2.30935150086326,0.408818706707426,1.97358560961881,2.00602393121949,1.41012783468176,2.96183374671087,2.38890781505125,0.475124922565119,2.3790220256875,2.79231342030462,0.701139060420951,2.82775059699476,2.38568138019513,0.359229999350351,2.52483168246081,1.75542416851912,0.33480610589115,3.24338849315882,2.41660281966089,0.246416550763473,1.87038165652116,2.31411215954983,0.786686977115011,2.54467066030745,2.55151173641942
66,-1.49843058326847,0.96673042581842,1.06554168183481,-0.980943497043904,0.763317346039387,1.56670552742406,-1.34741389729029,1.2157479636249,0.205377314443449,-0.643409231581522,1.55636736179887,0.673625364836338,-1.61371345493851,1.07745289439051,0.655079652688507,-1.53456798002224,1.49147285280918,0.340719907636172,-0.534035333470832,1.04670602579602,0.300848491258518,-1.24839807180677,0.952963067893862,0.583053966422525,-0.941785449986673,1.0407076235614,0.679977217023327
67,-0.763640357058506,-0.265226747924592,-2.63683778305093,-1.05710224360031,0.294390465095456,-3.14243072846808,-1.78393536286452,0.314457161695136,-3.53412093994999,-1.09126740063152,0.280111475591993,-3.37982902963998,-1.60074540801757,0.714142211506249,-3.08382466253904,-1.43585295443923,0.145769101094282,-3.07506423676674,-0.810573093524032,0.307864945833566,-3.30961212247988,-1.84608917944786,0.462239491407521,-3.37783072311228,-1.49170309830167,0.528234622387474,-3.00839838116173
68,-0.592290789643611,2.06873684843657,-3.01655502732848,-0.587686305242523,1.28005687097422,-2.12324773512426,-1.14897898903618,0.361242519762241,-2.79187889675883,-0.161327360182923,0.628831316695653,-2.43523469075252,-1.39248538315744,0.831991046428293,-2.16409860165559,-0.143151982893118,0.31341669617003,-2.10156528549981,-1.66807248941513,1.15866310025783,-2.72712858450234,0.342017889929208,1.1902825646025,-2.93688794296113,-1.25273417858761,1.09340579054024,-1.7524280386093
69,0.345311372387211,1.12567109826977,-0.850989447378748,0.661604180118466,-0.0274847384580994,-0.453912182020892,-0.0736345910690321,1.52957174913158,-0.554454777364461,0.438104712243076,1.45266248293385,-0.687055629555527,-0.215593336856884,0.860197811335884,-1.74273004795846,0.566926938436665,1.69358171068385,-0.627168492900992,0.256411179695945,1.09885782301019,-1.3064559325509,0.57264718727891,1.13021516234644,-0.679762632150993,0.245273811690267,1.07292260378515,-0.835125116201794
70,-1.55229420526164,0.720551876803336,-2.7760009699299,-1.64362739229856,0.944981326958216,-3.74258935801706,-1.62026579440976,0.679667148501838,-2.80248997216872,-1.34951452956809,0.901392782545178,-3.49284800927821,-2.20956493878202,1.74433600510968,-3.37333705697879,-1.83523759833489,0.845326304609137,-3.13157392598093,-1.52375306038057,1.35818863927647,-3.55795847746988,-1.71873535238716,0.538396056755145,-3.20843641511164,-1.64394539035535,0.928738793722775,-3.0325658919787
71,-3.4939219474877,-1.39033156367064,-5.42347525778633,-3.47529650361764,-1.56778153631183,-5.76552704678015,-3.60958265739961,-0.912800436939559,-5.18027134653049,-3.26242109500129,-1.15920497902617,-5.81090857145093,-3.39573653825672,-1.8840694016189,-5.46894124823275,-3.0262897812377,-0.949370313003918,-5.71514718443851,-2.43090695777428,-1.57246402351459,-5.71433415995732,-3.7534129928166,-1.39072864016246,-4.88499406568649,-3.39505942211659,-1.94230995034956,-5.83055423915444
72,1.0657593515534,3.50934591482209,0.507449547398315,1.39039608089347,2.70107459324023,-0.0859231597712418,1.74781933851722,3.15160918471774,0.782567277084202,2.21763619922938,2.94951034818388,-0.323999677731804,1.33946427647984,3.01299634617074,-0.057474711230082,1.89391217197515,2.7347861812751,0.982214450975914,1.73288786644842,2.89735261361824,0.468551950121911,1.4462447305772,3.08863549062966,0.105855440117282,1.66151363310092,2.52941249790029,0.802109168192705
73,-0.378993293712214,0.337470029405753,-3.79206488964152,-1.94384633463622,0.168958628343082,-3.38546401557111,-1.6859206002992,0.444912655396748,-4.28328875114755,-1.85517222005125,1.00229322243371,-3.55297283792935,-1.15260722577586,-0.370371085089054,-3.63554629391392,-1.34525709580714,0.112905736471504,-3.60293750777207,-1.45914544397196,0.27118771571347,-3.56238678370477,-1.18932700960868,0.58046196618509,-3.90992439226465,-2.01377936313097,0.70445261252327,-3.83434023095051
74,2.62873567863043,4.98285291062763,0.330772826732024,2.63514444661716,3.97515197610951,0.224684516377872,3.20121590095237,4.73048455715708,0.628858071647176,2.78221396878767,4.83567007660591,-0.0603844389531889,2.15238317096307,4.88624160756603,0.697094059317631,2.88848161380385,4.29898074614214,0.806281266010349,3.36527656613933,4.49847424869893,0.525918887396511,2.63376267987495,2.87394526831193,0.403932335374108,2.61558266973036,5.13312364504098,1.29109654468144
75,-1.83920143118103,0.818209575256507,-2.64192552977371,-1.7037646641537,0.652499861413616,-3.24038661469995,-1.60371592205583,0.522644055778889,-3.38426298827742,-1.78248234895904,1.69594395417657,-3.12800452567477,-2.91445846181492,0.375804657249539,-2.66650958005844,-1.93992000929201,1.32224585748581,-3.22563245052498,-1.82815064854453,0.500428150899273,-2.64537902760951,-1.81195257598728,0.664977763320596,-2.93314582318999,-1.8829311433986,0.764494804462924,-3.1641599731626
76,0.0100540143281327,2.06052326575786,-1.55879325786623,1.19405737148437,1.33960290752344,-1.09815270963951,0.435924486789721,1.33509229921043,-0.45569467972079,0.651562336704229,2.42301818637344,-1.71880841480768,0.092358088496967,2.04039026036449,-0.990324534350787,-0.3341021337596,1.60814349971713,-0.531342230066111,0.204627726494826,2.1154839311767,-0.674069375835193,-0.155664141827511,1.6477132437418,-0.535535364504428,0.498343333310524,1.52058659549266,-1.37975088308691
77,-6.6486165009687,-5.06600149706593,-6.99047226038841,-5.80168148236216,-4.69979541304591,-8.30288491873447,-5.91600481307661,-4.95904545436098,-7.50563030874469,-6.27534400618916,-5.19116202599713,-7.8839628539708,-5.96099574129727,-5.48916064068172,-7.07563952296501,-6.10779429352922,-4.63301004132418,-7.26008189772599,-6.42612307488511,-5.05005764539729,-7.75260525914935,-5.83759994537997,-4.71312516889536,-8.02320429327035,-6.10635728611621,-4.64877915002865,-7.26456775904309
78,-2.13983818490093,-0.363538507821938,-2.91827981810559,-1.32730024486188,0.248965382989205,-2.93858961916859,-1.28666827774027,0.375839016063545,-3.40820560878717,-1.02259217431985,0.083943951113775,-2.98770529735004,-1.42359684310886,-0.209540371431667,-3.42351027127876,-1.71023855601525,0.32757041060836,-3.35150516377512,-1.70740168409023,-0.299233288434111,-3.37391242421833,-1.42790675318065,0.408767221401723,-2.59750247846169,-1.53442029497935,-0.0564908412649636,-3.20747633736556
79,0.374194642133882,2.50775333157661,-0.0972252250998205,1.77761744694754,2.41126516566532,-0.882174758600171,1.4047039090974,1.99899171156592,-0.289606913933918,1.08922970246591,2.06786272810408,-0.534946852996973,1.61224418135289,1.85405123191249,-0.0787410217912723,1.2763955411068,1.8919277352766,0.00781247286895281,0.640329223387189,2.0710530033028,0.201458034272473,1.88829560812165,1.90235884590339,-0.386240840489792,1.40196795296974,1.87218331945057,-0.276080209256542
80,2.12976869953433,3.03406009096679,-0.327392329055015,1.8689277339524,3.34587470989971,0.0795771152448781,1.31782626306413,2.86064475416947,-1.10232717520119,1.51291773896025,3.21318567561038,-0.147821779417333,2.15628320336385,3.12396831670875,-0.447091784695056,1.5961102671417,2.46012469408654,-0.187526246109846,1.37574234500869,2.91306281098992,0.459684326194798,1.09272949665047,3.05544598604206,-0.0157757936885616,1.50513504436625,3.19161032300147,-0.208651601298176
81,2.55317190956238,3.64781856611947,0.94420268797022,2.21708507708528,3.61275363957698,1.8396516223689,1.4352755949446,3.90746783588293,1.24603517071419,1.86444993626753,4.53572208315694,1.14509826008109,2.75387282377887,3.67723718684836,1.62039215323946,1.65266262652938,2.76013638706961,1.3070090909189,2.36504229130351,3.7805460705251,0.73285124855932,2.42695660533728,3.21839704154264,1.11707350708609,2.49473496826239,3.83513333256565,1.34095342441473
82,-0.558661829217404,1.66759591900266,-2.98121032135273,-0.800008304749302,2.01259382262032,-3.78295410167574,-1.05324449197188,1.85909996850568,-2.65949318508378,-0.365197124789217,1.69246554390806,-2.97873522661159,-1.26315215417767,1.83467734676275,-3.05848514258129,-1.11734110044876,1.79367207276552,-2.88507217926475,-0.526412139491795,1.9581886705002,-3.44643152814493,-0.769433663403813,2.39671042147508,-3.56513215165739,-0.886837976264983,0.953518141802311,-2.51410673377456
83,-0.461234873614357,-2.25296601868167,0.202978288613378,-1.13805968555825,-2.91390825948296,0.529161457201155,-1.32486746263011,-2.01291497542806,-0.72363062304786,-1.20698214195885,-2.48457135515458,-0.206456123312407,-0.910630408620988,-1.3295329578852,-0.228939698166856,-1.13126977590028,-2.42879564257159,-0.0596822613067722,-1.09837345393931,-2.16943699509453,0.0680314650180804,-1.08670038666067,-1.17727595412191,-0.0988459366049375,-1.46899330116473,-2.78959555826893,-0.104431595948876
84,0.472603867387451,-3.58639730238239,2.29015066113515,0.49437893707788,-3.36600184504652,1.40146501419583,0.322048112396734,-3.19179365712971,1.81403521324379,0.431116200242566,-3.4315805373469,1.32806789998531,0.238533642068311,-2.99358871355272,1.56101225494087,0.1713078335638,-2.99805931656775,2.33380996657547,0.202850749325904,-3.88999757667588,2.4465172484558,0.580172119007821,-3.31668227564543,1.54322724970696,0.458740672873261,-2.86789544967138,1.54754286663428
85,1.87805064256552,0.366380272500939,4.64553415371808,2.52519251722794,1.65620159217431,4.29876400510776,2.29137358547155,1.45633281091816,5.21607739264574,2.98550153428512,0.351735632907553,4.47856726657214,2.20620284213216,0.744535018436439,4.71206053338531,2.80987916752816,1.10471560928319,4.87425631158729,1.82947881478908,0.871147324842989,4.048675491918,2.82575965123933,1.09539922764583,4.94500174269547,2.45338020224432,1.79746682662658,4.30214911936828
86,1.20959059923933,0.13740000236966,3.33041499618503,1.70324775072357,-0.278585120827607,3.09884804550401,1.64863954425074,-0.0737678293953481,2.89914294242381,2.27693635088305,0.244461036098393,2.90482949197885,1.4986840828573,-0.309406171743285,3.56363750792834,1.45316735999934,0.0142406990312978,2.08232198109656,2.94142970496223,-1.00494418810445,2.73339856034373,1.80810200543371,-0.39650750942175,3.28500149946744,1.69200089720667,-0.226310116960955,2.75196268588682
87,-2.94988268525859,-5.30097191977745,-1.64442662165192,-2.47566318226671,-4.48548162068544,-0.526305420894399,-2.77173348396362,-4.86210966591239,-0.867762139114561,-4.04521012308316,-4.62936639444851,-1.1607927970715,-2.95753467710649,-5.63411715620748,-0.0861155228091128,-3.48912937670094,-3.4958318597019,-0.311390444797318,-2.9451282556319,-4.87093250629843,-1.11357128686011,-3.45904873358497,-4.93178553222894,-0.623329990787083,-2.84062489847823,-4.47732008193209,-0.648078404658977
88,3.92413421035023,2.52088604552225,6.2226622936785,4.38892294829964,2.55253253686623,5.48229153998426,4.00448636501403,2.14577003174718,6.18833484720783,4.72282452734341,2.83897958872719,5.9539176627001,4.53670095709631,2.5057093871846,6.27309948411996,3.96322515123603,1.33843701780296,5.30124720304707,4.37425854862885,2.51367918473172,5.71837586981265,3.22571193126735,2.33891204720435,6.78569421347489,3.87723072727408,2.75757605112073,5.83787832327947
89,-2.54061038457623,-4.52802507830866,-1.37180592453803,-3.11468066954472,-5.53885335321658,-2.57661643280739,-2.41422336771634,-5.3727011718882,-2.3013618256927,-4.01184545276389,-3.5791974728856,-2.94194655173122,-3.30402705177367,-3.26872492840244,-1.45437843489619,-3.59173892907921,-5.01716387569114,-2.58372397905647,-3.03864851473069,-5.30899087528999,-2.60594069376666,-3.57983512215911,-4.51915340526808,-1.61073925137876,-3.4486681044704,-3.70962812739225,-1.73024500002715
90,2.21929045464185,-0.630829743761786,3.72621373501001,1.99498943352871,-0.37944815697314,3.39985371892843,1.58400239847305,-0.416986344300091,4.06464810662236,1.25279433810965,0.250293410378304,4.28070510758596,1.28249526192277,-0.762784393329466,3.80382869485196,1.69784219526036,-0.399281848077069,4.19506817254639,2.06507434690997,-0.67427853589836,4.14420206953722,1.41536649926498,-0.234102034213167,3.62434351470333,1.80099004011244,-1.06100485127017,4.4657032195436
91,0.908366207796097,-0.90292296206541,2.97158410269085,1.68801106014443,-1.20834067326002,3.10429338272455,1.30525890355189,-1.93850314279114,2.88721391742106,1.21291583126775,-1.13152828065135,3.03755143274961,1.37649280017134,-1.55605927229305,3.35391263961753,1.33469412217627,-0.875728627568988,2.09429750289979,1.12658480247397,-0.782052504644003,2.48554872329663,1.28618109156867,-1.22878432501546,3.3234582293821,1.0604386047513,-0.521998665709685,2.07198435109648
92,3.76316037709222,1.81120723014689,5.56499078749533,3.38753376433009,2.37555055124005,5.4838756754278,3.86143777180635,1.16425045443829,5.07284428528633,3.63975605209693,1.6865553487009,5.56868483098532,3.86707401162183,1.97898230873664,5.20501160561745,3.2936016065221,2.03386677061852,5.19370129964232,2.92486352477794,2.34012155156919,5.69682895017378,3.28495495801115,1.85585189899993,5.7443590839469,3.67729747926479,1.85970344328503,5.18094024745877
93,-3.95552240825289,-6.95653497681082,-2.49415637601713,-4.27881302432092,-7.05417178368264,-2.62905354101103,-4.12556443821144,-6.34765806679025,-2.56868944732673,-3.95268397359937,-6.1632274786203,-3.09293440510497,-4.66587175895302,-6.98264586105896,-2.56302184702969,-4.03195691024775,-6.2292985125849,-2.63025123161724,-4.11608857767995,-6.55071876804026,-3.05714699453741,-4.268841498665,-6.97826285231468,-2.38590843041733,-3.87348290915095,-6.41630463486213,-2.82231001055459
94,0.502947973035316,-1.07896700488981,2.21218871617298,0.553649707418684,-1.10720090242161,2.80415833456387,1.0941870813122,-0.639520382837318,2.19741438725213,0.744257558804941,-1.32096372161251,2.11641579971366,0.559126324364288,-0.830376848319449,2.38638550585507,1.05252947142762,-0.859770289767347,2.70408884689271,0.369728576745466,-1.0659347986257,2.15491200721968,0.460782213270526,-1.24270863047344,2.67048021160578,0.530610010713676,-0.139652529393791,2.82465204834285
95,6.474301027104,4.58482552297383,8.79677161595715,6.62082295655123,3.38275381730744,7.74998946014433,5.71664020616418,4.35980289510082,8.18738750717978,6.20037538030201,4.57135212058808,7.76497807332025,5.92097559288646,5.33899927835317,7.41735552268354,5.97464282000322,4.38024935789911,8.25203706052134,5.32257912912352,4.37113277190728,7.91972884651205,6.17779979618548,5.06701889627767,7.66149034764315,6.07251166209032,5.33197816231543,8.00473000802272
96,0.720612024008273,-1.1376465673949,3.59946859137649,0.817594482744961,-0.825382896918372,4.23179807147683,0.603936744426727,-2.03276924311272,2.34395382801089,0.896308158406611,-1.28547797777635,3.24597890067755,1.01911542945782,-0.685236187489347,2.90783528703547,0.14919548704147,-0.699428916038367,2.63680360268103,0.50070350578657,-1.13186603923126,2.52265562323511,1.23470330658381,-1.30624426631659,3.03306175638618,1.12682825046639,-0.851513198663342,3.1361808430629
97,0.229565921627078,-2.26394456708171,1.92909053872978,0.281319254515721,-2.35044217040243,2.05935727832068,-0.04455425214136,-2.44375449258667,1.99965859875246,-0.430440815779538,-2.56778543991898,2.18668813439493,-0.204248556442167,-1.9540724753152,2.26953016161452,-0.446296532257282,-2.31997941819423,2.83309740866386,-0.0655480444522141,-1.88684275826878,2.22528883050239,-0.0338922244658875,-2.95445331076794,2.47218326360874,-0.598297134506661,-3.08480275859622,3.38133307072938
98,-1.04858994421046,-1.96148000835796,0.480070663799079,0.246902753509937,-1.24987770679138,0.327763514539602,-0.132043171765623,-2.06940014295839,0.595693197656556,-0.781190941917082,-1.50547039659372,1.20571780543725,-0.98036071545418,-1.90774795254571,0.926591648598315,-0.421480892162215,-2.15593649392313,0.80961716682379,-0.417947488462271,-0.742880694101221,0.644580967325553,-1.14406908399918,-1.75590762623206,0.382121929075161,-1.13910834348553,-1.71628905544885,1.17577392609299
99,2.40554530490379,0.265799984709858,0.909886508516429,1.55483965993247,-0.13998761273543,1.83673231066232,2.86970695969555,0.774901751844529,0.907982939883792,3.29758668997876,0.669231162205455,0.470828190005427,2.27581545812205,0.771626813456248,0.525947104371184,2.11706486530004,-0.413650327028547,1.60162590770346,3.08775043779935,0.244619796632998,2.18486110973032,3.09071509204314,0.206647204944923,-0.197330918022482,2.23457539900839,0.857848186939171,-0.264591291754098
100,5.35779223582426,2.08274693181893,2.58099399432224,4.1977026686028,2.68108846023362,2.98359918547309,5.39144694119457,2.65362085070352,3.03513671348801,4.69096324538919,2.64063608897492,3.23801395480043,4.79258911158524,2.48513057223734,3.06921232982571,4.485708611453,2.69401929795281,2.91903664631469,4.44338921584048,2.48668888120066,2.89884900191162,4.67252032194271,2.83271143503361,3.90221567682171,4.51414871852722,2.05866723231431,3.16690034905174
101,0.74376487851962,-1.95128756398335,0.244417312486119,1.37236666119027,-1.0717939971452,-0.436296131488642,1.35222570755467,-1.39933312067657,0.137183780233916,0.742196240581552,-1.65960729129381,-0.581098044149483,1.71689997324554,-0.864334585544876,-0.0147876674313139,0.932846718789089,-1.34614347668032,-0.0481503406642405,1.34536472051848,-0.796483655775612,-0.389182724287773,0.868224087326244,-2.33265453086826,-0.137176829219439,1.70694295328312,-0.961077141846099,-0.323593006054321
102,1.64806277165303,1.08599016494668,0.659063076670213,2.46588347644469,0.557048499396779,0.396712830556233,2.35393563313165,0.498588075990507,-0.348864507116005,2.18867789022466,0.770119451030075,0.659221785643124,2.47701231396481,0.880493590145157,0.0424456118571883,1.95619355064422,0.555887052374814,-0.226826421395338,2.45691142805347,0.276350002790449,0.672358861354145,2.55119786632525,0.562516977403118,0.117147088111844,1.91275086397646,0.549259294014001,0.325575226494928
103,0.807396590209366,-1.41572713972152,-1.62019182282329,0.296850514866794,-1.12814449671454,-2.15289294808244,0.464032707006191,-1.24043513232475,-1.9643960046561,0.968844815031551,-1.45483370209991,-1.97249635841296,0.408701960657959,-1.32929794001274,-1.96147174403146,0.231908961853623,-1.12641664824065,-1.67703318604821,0.856036499782678,-1.39218396978255,-1.18144642595041,-0.0616538193297584,-1.61149511390823,-1.92298088684108,0.566149764523318,-1.41242593600896,-1.76439647641804
104,-0.876089696100521,-2.21425443917556,-3.05519704054567,-0.661552875066175,-2.96688483835643,-2.3819563142878,-1.0711503328221,-1.90606772481037,-2.83968653310822,-0.708880168463548,-1.90966611844588,-3.54552921035282,-1.55748618086942,-2.12395462604725,-3.5005453744282,-1.34118171985733,-1.14664797501912,-2.065252901561,-0.997373228334877,-1.75298353415208,-2.76697004132872,-1.07995322257472,-2.17741398004769,-2.79181993301641,-0.967881853503695,-2.41956657501511,-3.06866699955736
105,-0.246080128974615,-1.72203001864423,-1.95735939124306,0.118536544205698,-1.66669486738822,-2.39791638791859,-0.0359513308850676,-2.18093740512744,-1.7871403707714,0.9324059947984,-1.70130715659263,-1.12776246885617,-1.01900507125674,-1.86405064609767,-1.50307383370106,-0.874481657521101,-2.84665703923371,-1.95123379154322,0.306584170421447,-2.53963008460885,-1.55333340254955,-0.207165084952344,-2.98132880342551,-1.03259754232729,-1.09443137006401,-2.46558247616278,-0.37093048968897
106,-0.58259819800124,-3.33304369914941,-1.9357674482632,-1.18345979866078,-2.88577980434167,-1.57299514116539,-1.34228145437367,-3.46105580984542,-2.93486785675077,-1.39852328657625,-3.05589553395291,-2.24163311915323,-1.26727390355839,-2.90134642173402,-2.91915968744438,-0.702818044343156,-2.96568593936891,-1.7012876215196,-2.24494720523338,-2.40876722682171,-1.39742782324551,-1.16652097510835,-2.70447526993922,-2.57422576860876,-0.687494067753661,-3.10375502317446,-2.77571513590248
107,0.581498661141002,-1.21386010691362,-0.758586042687353,0.707852808855093,-0.959274415007126,-0.805124013167015,0.967173755808896,-1.528428897606,-1.3666861216141,1.08962586197919,-1.54120756060472,-1.77001874055714,0.924264788119648,-0.932341106370247,-0.626780510495814,0.434231807577278,-0.933284102489047,-0.999505235854073,0.639222301674667,-0.426566634072778,-1.2294915280795,0.507828968092205,-1.61872977858244,-0.784804460482838,0.992003366578637,-1.28183280357602,-1.11393736934813
108,1.22878876649119,-1.79716345184291,-1.93214776990792,0.488212365037404,-2.2647747738231,-0.374173030219952,1.01013387357512,-1.70344047672331,-0.257313555235855,0.650706845545214,-1.46318893419568,-0.768098229530605,0.649107499209002,-1.87011017514345,-1.23961655853621,0.638553205542292,-1.68500787473163,-0.604464921006004,0.66735502568718,-2.22904523341831,-0.520023146721384,0.558050846329472,-2.17889694890876,-1.11400440233631,1.96669067233928,-1.96775753200706,-0.93911621800946
109,1.08334396252757,-0.218471352208436,-1.47562067738309,1.91557219758392,-1.16634824614294,-1.25258387314658,1.2846541231671,-0.0153381758992346,-1.91783007813931,1.06433177712135,0.520902325008848,-1.96884553937665,1.60290305888053,-0.907168117142544,-1.35825919081657,1.09436151634889,-0.418806212761685,-1.29280609700801,1.53073719844452,-0.550387065244322,-1.67424569351789,1.95070456538188,-0.0753188824139572,-2.01838395707101,1.42942321115214,-0.672241055658557,-1.60422243593736
110,0.777403701032855,-1.68704038795865,-0.382024056879684,-0.265346142616372,-2.6765067834575,-0.445274765548479,0.622584092643923,-2.7586358052258,-0.0658662388571329,-0.429674556982515,-1.62468886650843,0.552137251859016,0.698574646177717,-2.57164167181586,-0.832362993084608,0.390353553572743,-2.86346083077386,-0.229735606555574,0.399856653538124,-2.16548624162823,0.890128066992197,0.686725004772153,-3.34079668542441,0.00963161513250199,0.15871189120373,-3.3205053133445,-0.105651241290052
111,2.11204479940686,0.190988014000679,0.0856017715339563,0.423986589502058,-1.46079530799782,0.581430524893771,1.93629576582622,-1.46320651876106,-0.00994056686496414,1.70920381391657,-0.39514369713774,-0.0616678819896919,1.71221592568417,-1.08557786525331,0.266622959302344,1.1046188136291,-0.355906015785836,-0.451303335465374,1.34993884732864,-1.31885821007776,0.378101776276345,1.38723944668969,-0.593740192997522,0.302485231348301,1.63905165187703,-0.575922906663297,-0.131275065191622
112,0.378689042666565,-1.45458301799981,-1.54349834743845,-0.395431932082891,-1.04900736035826,-2.140008404127,-0.12377062984663,-2.02438311120319,-1.32730306701646,-0.276309443132172,-1.13285983075532,-1.88663011498669,-0.81840073512809,-1.56904782122245,-0.646614951848775,-0.237887176658878,-1.58074353298301,-1.52651213679911,0.145004319044777,-1.71911454055564,-1.46416309714345,-0.137893932332887,-1.61165776790059,-1.85987019164425,-0.0172712253653637,-1.56339614368037,-1.44667343588826
113,-1.70555204923079,-3.33573520756901,-2.10899248168246,-0.76757751174792,-2.97838975858878,-1.63798160443995,-1.99851237825278,-3.39598070368264,-1.76370022522399,-1.07520881782356,-3.75316404506563,-1.80711480037224,-1.63563209769764,-3.03835209363364,-2.04139305216008,-1.36835694536688,-3.33532577664032,-1.73109673875038,-1.44280844261661,-2.67276883824558,-2.04190871132788,-1.14017858152094,-3.06734856609442,-2.48739713301046,-1.49411530766581,-3.02801108918441,-2.40299914719297
114,-2.03972488696445,-4.02003152608309,-4.14060091532421,-1.7100655257467,-3.62601820362084,-4.07813989767918,-2.42169054995373,-4.06139827354682,-3.85844563214722,-1.78547014477616,-3.98924351468255,-3.50402380961029,-3.12333735364248,-3.44108535252013,-3.996148359662,-2.4987880638164,-3.73800284070396,-3.94390697578078,-2.42487482414591,-3.57955155159542,-4.10983864649083,-2.39094374734072,-3.78069537290606,-3.91285498656839,-2.75132705831598,-3.41214825836051,-3.65844058379089
115,1.69857906230151,-0.699155585825992,0.304869735238546,1.54734345087217,-0.40901412771186,-0.461932399254912,2.07509385278937,-0.323607252785362,-0.276956628585712,1.86607983194096,-0.0945144070790489,-0.282900604697024,0.837170330913962,0.499946362398586,-0.543739478789931,1.75277016755257,-0.387181838209837,-0.182373895160452,1.63807839889855,-0.262061040739855,0.0330107600300922,1.53416958830119,-0.116707938220904,-0.236041682498555,1.44947739799251,-0.188168184654064,-0.323495127619671
116,1.0730634161679,0.551489774204208,0.24789291784235,2.04130939731835,0.940536330005187,0.623563583638004,2.20699062804943,1.6958255394754,0.115623702252179,2.10858716281433,0.359477172210323,0.70963162932955,2.46384150029575,0.203447503999092,0.464018039854205,1.83333109353644,0.767129662218979,0.591207307461287,2.10166114420006,0.234471638050787,0.848671827081052,2.68645869087559,0.151379600418442,0.399750137584304,1.85493871548689,0.669373791273024,0.565552151514207
117,0.382652450894106,-2.55394857959966,-1.10689716244207,0.0825741939474352,-1.94200443557159,-1.89547559298067,-1.12852778273547,-1.64523799894801,-2.23205394308438,0.0543424124414269,-1.98468695108684,-1.79857057292165,-0.0588574112636149,-1.74744487313347,-2.20815828213219,-0.19785191215318,-1.71303903088007,-2.24606889366351,-0.338093623232656,-0.937314349238736,-2.2904885479261,-0.342746735982391,-1.96479848987535,-0.995439232001118,-0.39067445360345,-2.3552613169134,-2.42635166060197
118,2.4710898995509,1.03705836292881,-0.546841304782276,1.71905403224548,0.946720990409403,0.0867925106457319,3.13476527532619,-0.274864245973696,-0.327864774915623,2.80304709310996,1.29822137881539,-0.480191936233214,2.35334681084821,0.312823390841754,-0.661778562114485,2.08859160368333,0.350605256952614,0.0794563037163174,2.41909893314357,0.494029984374564,-0.638369557944472,2.62960907997813,0.924769982757247,0.022488912570112,1.67359309475434,0.470831566945059,0.193363514893529
119,0.907048631320864,0.529368209973132,-0.163344228944751,1.51296975483226,-0.461283618517204,-0.14041725832339,1.32519645002335,0.00757323188828352,0.100567021476654,1.56423174071039,0.730859831233634,-0.302335097091597,0.574676169471291,0.228896438649967,0.664828102139133,0.616951477617255,-0.252158644497633,-0.14138723123261,0.946427916667353,-0.00593640881476532,-0.520912135863259,0.88614475638308,-0.104016164287562,1.11255494990484,1.02386090332072,-0.778115008213923,1.04711194063973
120,-3.19653328238167,-4.05423668596826,-4.14262650105707,-3.87981476945178,-4.50065638958649,-5.29451640092429,-2.92873534946012,-4.55074464252911,-5.12183529495288,-2.49068416792734,-4.99663807691778,-5.52353195200097,-3.11617317473515,-3.7482375237189,-4.12463891421232,-3.74642211627,-4.31753435623422,-5.57730951949076,-3.89924161439551,-4.42572138444378,-4.65236696091271,-3.68448008268376,-5.04134554154006,-4.40277872870543,-2.7747810764926,-3.71871016464921,-4.94150566173507
121,0.828157967399439,-0.464081071671464,-0.596580516907434,-0.0149756048111938,-0.06455392186695,-1.50615576991809,0.334441592705314,-1.03430152887868,-1.04847547141377,1.1715513820221,-0.792358198961997,-1.9594920734325,1.29947203551814,-0.894123128011748,-1.15721709924045,0.275566745693197,-0.906006297200026,-0.632582237078529,0.766586785838831,-0.243167662992645,-0.778933818671237,0.81040609583229,-0.0520279186668597,-1.62178620803132,0.0176051616187598,-0.370005446137726,-2.04551447957372
122,2.19723035491274,-0.500796736073469,0.106643501440926,1.83347342494187,-0.294842747005904,0.955273751743374,2.62145933508131,-0.0879082040547763,0.629038595944392,1.71889538336695,-0.179091762588574,0.162593823723286,1.7114917235989,-0.170754412790872,0.695909747531654,2.64502359869056,0.210008913107673,0.738268252301058,1.82523308895074,-0.351337138956525,0.309054241475001,1.93081507465167,-0.228685859061472,1.13757245610264,2.34873079711433,0.0277580230191239,0.451841530831333
123,0.0627919749982473,-1.83552342113578,-2.00538466753373,-0.225471157293524,-1.85908254663029,-1.13289101634192,-0.155408633513884,-1.04776397079935,-1.36236550067383,-0.173411885053968,-1.07402461538878,-2.30028836606752,-0.45292665656385,-1.06451034361427,-2.00503821056136,-0.213311019270874,-1.18841202736385,-1.13498543046276,-0.238775660926748,-1.68252315602881,-1.96771774943439,-0.212304215393258,-1.22522614763408,-1.87480006724161,0.295709944954482,-0.720830774963054,-2.04548459886942
124,-1.51387248428602,-1.58642650106174,-1.05109679416333,-0.886302338019373,-1.97136404883208,-0.778850950368446,-1.92646696657492,-1.48576886867443,-1.1769505582414,-0.934156433970008,-1.57591191798704,-1.03075454494654,-1.92792333061878,-1.55690153067789,-1.49453489858824,-1.45529132837355,-1.56341227407844,-0.846096098154807,-0.684555199656918,-2.13345162376091,-1.20310049630082,-1.32482660280566,-1.51439943141627,-1.29459294191472,-1.70920522881333,-1.91853277040616,-0.70454707278536
125,3.65779980697833,2.81588122635581,2.15849677306703,3.33284182290905,2.17531674838755,2.84127650655584,3.61503537990048,3.66758680768214,3.0491838385651,2.36941336553958,3.91141638282664,2.89125966531293,3.14083886137144,2.77817663150768,2.81872614575235,3.38549766497608,2.90071906204622,3.21178174011596,2.67497549675574,3.6177149194719,3.01878100780422,3.17923630507662,2.77051597911948,2.83627824917812,3.49609536144562,3.06791034150591,2.74659156712514
126,-0.551649946843738,0.126791516962289,-0.0692060493413704,0.66479637422083,-0.608891423099888,-0.623723505825141,-0.799567744123028,-0.727931929619336,-0.764692022380076,-0.534555180677525,-0.138556480625457,-0.0925499015353601,-0.664312247856076,-0.318801845046211,-0.0701413714551737,-0.331782255872022,0.144307253178313,-1.25691071621899,-0.129080289833387,-0.214729566367142,-0.62578393785778,-0.538531871145937,-0.356864057023208,-0.275067989926418,-0.611096317726465,-0.00994981903800696,-0.539349729683932
127,0.642873040892856,1.24141953716494,1.23959139434973,1.63797361550576,1.24795036146275,1.3817822184755,1.78920876883268,1.05718803998344,1.52027310796472,1.44332040747913,1.73835425716018,1.20909377956789,0.812480184103784,1.92729539480651,1.0887684052608,1.00208192673714,0.657994362359287,1.76111377689539,1.3195168385375,1.33987228175515,1.96065975245807,1.72724263025091,-0.0304881845183775,1.84010487102692,1.15754965407279,1.07112923359076,1.38414990185214
128,3.92556443126793,3.54735416107793,3.56006876241636,3.92391807791712,4.00628536039033,3.34603290788226,4.3861641942512,3.36655923748383,3.81159833810221,3.72864583214845,3.39523006539969,3.58087802638361,3.7883936892368,4.18952842599438,4.10577272615289,3.23893542607109,3.8389791143347,3.96237655781223,3.40598962868796,4.83616298983307,3.83654545983849,3.57534654476006,4.05249488771794,3.34346139364597,3.65529517091056,3.59328707509666,3.69882057467812
129,-0.470228482566994,-0.247861284669358,-0.539735500829192,-1.5258911574841,0.0386623092217455,0.00638852625101016,0.157941259455631,-0.927133355805963,-0.481761046909489,0.0663325089544173,-0.43127561956948,-0.842582394180154,-0.938177490241737,-1.20653450507008,-0.352559302462346,-0.0216995345556708,-0.0612004146678409,-0.123244132240898,-0.735012675470499,-0.795003152517289,-0.043629496348859,-0.489886680442621,-0.285623046236529,-0.155842022416341,-0.229734463397654,-0.674490785364323,-0.597150563297076
130,-1.33610003667309,-1.23958750033677,-0.299959972802434,-1.55865666557219,-1.59261875432527,-1.49681214708415,-0.848923665846092,-1.19004981414825,-1.11772342988524,-0.959064269709967,-1.11402312009884,-1.59984582309078,-1.5576462347544,-0.964046118293367,0.0078190025814413,-0.651771419391435,-1.70063500543186,-1.95800595914352,-0.977848442531899,-0.770952056009592,-1.52378819720259,-1.32912054517326,-1.45513864627148,-0.423379915360204,-0.94192381028997,-1.79892524869973,-1.33519465091948
131,1.59553394984631,1.06474773301243,0.699258674842369,0.655067849805932,1.29356380246128,0.742066531218134,0.588161192570166,1.66118607848843,1.5071740157303,1.16558493157638,0.690791341881003,1.44572420279913,1.14560185380346,0.789709062853063,1.5374466605269,1.45499048227544,1.07695954037006,0.57858536858971,0.759343229632672,1.81846681220482,0.532103983958454,1.64640534957756,1.16725356287207,1.75561632672233,1.17281296539286,0.0596742069410796,0.79762595373939
132,3.27299315855933,2.9508594013385,3.1978591723471,2.70186650134941,2.93036419987175,2.44016315422139,2.5622165841418,2.76706815330263,2.59035333299572,3.07962636356645,2.97844124093989,2.89095131099875,2.81428784915093,2.54290966955765,2.56277491659398,3.28273632906257,2.74420801693088,2.58703122464076,2.95691937829285,2.89477650977994,2.94617941624433,2.7567966235363,2.38416909366347,3.07218382931068,2.63599963251201,3.05211778320287,2.73470829444508
133,1.77000435959625,1.95604891655586,2.26591555749463,2.39204160084202,2.39024828094042,2.33085981098473,2.59749717927896,2.33512369814119,1.67259877873179,2.73807429859833,2.54082920849657,2.05707522958127,3.07712388824367,2.3636377151261,1.70760673111436,1.37563641658513,1.9430037760057,1.85792849041159,3.23018924361503,1.3922662829143,2.13264560727878,3.00456814669671,3.65618860910376,1.54210157472067,2.031207922062,1.17693164646505,1.55068644115978
134,-0.781234144426247,-0.995080707046945,-0.894388031451792,-1.39320302388772,-1.14761354884576,0.10838424189533,-0.77660306882105,-0.704540224835938,-0.593338068848652,-0.525432831094873,0.0137117816995067,-0.33545856825524,-1.37956115999817,-1.12398948711498,-1.36125645277862,-1.05006067441258,-0.599512048802569,-0.853771734508904,-0.266138760833106,-1.2969200490099,-1.07465208829374,-1.12680370196495,-1.17286361471737,-0.470293340106333,-0.7127070163125,-0.773101264646344,-0.497149251135489
135,-1.18971883949441,0.478807343987473,-0.428032415663036,-0.783221009755419,-1.23270985016787,-0.830168863091351,0.339417083924646,0.29970055078025,0.595564228123173,-0.51010094401455,-0.957275101602788,-0.283297961884984,-0.0778290620633495,0.0868804131837839,-0.644748530887424,-0.0358603852585304,-0.358985875994487,-0.0213208966050784,-0.455233264222792,0.0624680656813457,0.218609991824708,-0.369866993423806,-0.634136697229469,-0.353741314041214,-0.385187246864731,-0.80092743668776,0.0197062765134772
136,-0.874062514505571,0.0119186982593913,0.550680419469412,-0.0284919047861019,-0.310635733783364,-0.403410843244688,0.105794446756567,-0.28459520375376,-0.332100878686708,0.0841530792171223,-0.372736391181374,-0.175915414484386,-1.37548009111852,0.228802197100629,0.27563439274051,-0.214070537427217,-0.244308896051684,0.231110522773586,-0.881416978574629,0.220587977348288,0.176914782394402,0.0161329848628053,-0.165357442171366,-0.879682088774648,-0.376337643710644,-0.0987974708380506,0.57376696219602
137,-1.60782959429549,-1.96844957664,-2.00719605269573,-2.32390117037655,-2.30160629509261,-1.70871912972176,-2.07246757099959,-2.2759034712558,-2.02626605496998,-2.70945426989346,-1.64801162707061,-1.45090192686261,-1.9127806409931,-1.755949844211,-2.18736074979143,-2.50442071550323,-1.90468186464513,-2.23743846032314,-1.59057044512832,-1.56930756506318,-1.90037593604099,-2.5632373995977,-2.17966369933159,-1.89714466486515,-2.71983046164631,-1.81941846328439,-2.01613631689438
138,0.78922380670631,1.37742884794547,1.89030251250424,0.901741565785481,0.962400828238542,1.6584430722895,1.23595112599896,1.3183508463005,1.13731852185235,0.631912240166578,1.61977848703995,1.81493466474181,0.566150134729259,1.63206693133126,1.41765596337829,1.63325054112991,1.16320007091863,0.803433598222324,1.80131752494168,1.43481640451289,0.862744493916807,1.46010592939989,0.894198765886547,1.24361569285065,0.835158492472035,1.04127639090954,1.70763154474389
139,-1.96528546243452,-3.14924521599999,-2.93096245884559,-1.43542723433849,-2.17611692739406,-1.98504820060079,-2.77254455384206,-1.98229211560431,-2.74048009000248,-2.25097023359209,-2.02270343989832,-1.9461206294301,-1.89055530676969,-2.74548924077503,-2.20831997282547,-2.86033033745603,-2.8376185006311,-2.27318985626452,-2.58895698189253,-1.93843082246951,-2.42144924521456,-2.65362568844979,-1.80628262191019,-1.88531115543798,-2.38568149862167,-2.97859048433378,-2.45160329845261
140,-4.4062721609046,-3.86136154192466,-2.97059630551436,-2.82198527088584,-3.98796008539515,-4.07581459524314,-3.97517668860075,-3.57969056359278,-3.49923697846597,-4.43224316462684,-3.68238767943087,-3.87667423168453,-4.33138630783798,-3.50752412721199,-2.75975235621083,-3.80396041888407,-3.16759640791708,-3.56120420199784,-3.92097198420873,-3.8006434687777,-4.01520480894701,-3.51547670991264,-4.17392541778848,-3.49900012906777,-3.05066924347305,-4.35427605078304,-2.82565288108356
141,-2.2291309793613,-2.3473662197354,-1.88441778182159,-1.57715734827981,-1.34974476985673,-2.15765796949502,-2.00925455879814,-2.13468066078203,-2.24007525400044,-2.30245314462742,-2.23492119446871,-1.98743522517714,-2.3933564967153,-1.79322873708378,-1.24084671443626,-2.263070164054,-1.76150270120529,-1.98105213633899,-2.25095289907024,-1.51986811404816,-2.31258122413065,-2.06150262316959,-2.37430828834108,-2.20319821394657,-1.9100324302324,-1.72745211425037,-1.53241325435003
142,-0.648001211218886,-0.626408246425195,-0.794907413495216,-0.859183408011,-0.670514270995916,-0.74648730608151,-1.13175301165036,-0.757095787863831,-0.56908816950957,0.00784890329692356,-1.48421034688872,-0.521241354962761,-0.357049737764724,-0.160089763148204,-1.38250042589946,-1.28336002660488,-0.766680093050064,-1.0047154132565,-0.932412732739141,-0.598145779343742,-1.39782637899895,-0.756139370907094,-0.0118447806215816,-0.778248261967403,-0.813604378600714,-1.16916094809513,-0.495601979746522
143,1.53910890867965,1.13255510511275,1.22051955659895,2.046062320386,1.35465294664821,1.1384442169849,2.12158303248341,0.926220746681689,1.39315190322472,2.18242427116078,0.872621364210272,1.81195789584728,1.34348248480161,1.14738216239179,1.03044009627441,2.05113320506087,1.66408401345483,0.776552494372861,2.63698201709223,1.67415556527839,1.0891301650372,1.75134548928132,1.26677947949819,1.27413813563285,1.44998554445634,0.594527053024536,1.06641213768901
144,2.18578007447816,3.14903401628304,2.64592336619004,1.13103442288648,1.6971999394148,2.14965011678216,1.81221950470659,1.95494468802307,0.863278484091609,1.83181704202101,1.70803277626453,2.01394611739416,2.75295188242432,1.60020579460726,1.90868803484952,1.78140176392447,2.44802228797946,1.68862568464476,1.71249973470773,2.40535786419969,2.73319123348247,2.5412895293263,1.99897883584098,1.65893076487006,1.1962768938909,1.70354540160551,1.90924798340399
145,1.48973427500861,2.1005133296345,0.801468478192136,1.69363823170258,2.33149013422752,2.3423122557535,1.83817284452913,1.22869531715811,1.19721886590954,1.23929854305305,1.15943686464641,1.60713698429865,1.09149375031353,2.01847399353286,1.49908039635754,3.04813271643823,1.96947012936861,1.34635132116229,2.04958687951148,1.83203120904785,1.12946068543167,2.01405492063026,1.03623958165901,1.63797576638907,1.58989170318134,2.11039450913282,1.55537878281031
146,0.424243415414718,0.225727126239562,-0.291652158161648,0.638335243155563,-1.06778262690499,0.042024653908463,0.29782515421685,0.207527912345604,-0.86252421822326,-0.150532633797472,0.412382512671068,-0.142567980795325,-0.280838353966262,0.0666555171189405,0.406650806056871,0.177114262879662,-0.398229556484112,-0.310561138698738,0.132196273918851,-0.0653007915022013,0.0608522701748351,0.422854754798744,0.164281554689111,-0.423533809427799,-0.543995307559403,0.125601903090617,-0.0209765557527621
147,-0.640027231332922,-0.0288936127332509,-0.582240281476035,-0.820379917584583,-0.234155387648761,-0.216880857979874,-0.313454733662038,-0.0761640766487259,-0.680150424801267,0.0297898356013882,-0.280447571252857,-0.283175501672517,-0.414826318428596,-0.722795496903104,0.0648640078683309,-0.833109372281489,-0.412064560506464,-0.648171585731439,-0.590708638687675,-0.241003264784919,-0.190820245053971,-0.759628562213213,-0.662976936273966,0.442234630287276,-1.33722152433852,0.156626437856003,-0.347391154464316
148,2.53637622285512,2.51909616888651,2.49930605840664,3.17398525861583,3.29892618930953,2.75480963368955,2.90024299460263,2.06782020636148,2.72693647843486,2.45010452215625,3.03954597562898,2.05058429617019,3.29497311500198,2.88315291253079,2.25751441766429,2.74078578245156,2.46533185971826,3.14791283996878,3.85661463378863,2.10910680676116,2.7261825800965,2.52520561892919,2.12091586793764,2.70831613480261,2.41781784943759,3.60305988787844,2.34048946920219
149,1.69893373211216,1.32965431280445,2.25581871351908,1.6888758483926,1.24928633568724,1.67427838786207,1.89033690538868,1.50810543248278,2.32467078679647,1.93884587429035,1.74732242536231,1.75741303573181,0.867838726454119,1.61589830494814,2.05919848056862,1.2034477198678,2.4707688880257,1.91429022957719,2.86484988605954,1.7571061254126,1.40066441617852,1.52744082641909,1.91635811200287,0.764050933412169,1.69950965479105,1.62620478709776,1.9440341918686
150,1.02998156960413,0.403732735670361,0.425181708644663,0.649990056022071,0.685472576557823,0.793059849029029,0.88253595798501,1.11959577384527,0.237560127538821,0.300248582181354,1.5177454949273,1.00770476268177,0.284724364402404,0.560047378468845,0.435938930116961,1.0923442693199,0.691331646310715,0.534723451382051,0.420623011609026,0.408232212460255,0.840153119144284,-0.571274192756461,1.06396792252961,1.36942001874059,1.35423846335579,-0.0841583500122169,1.48928475204748
151,-2.31578928779172,-2.67889117572545,-2.64591659855096,-2.93490518142907,-2.69641637225173,-2.49415849345346,-1.6435957333631,-2.60407192532722,-2.39274772662912,-2.73876347250679,-2.53258632534878,-2.02691660802328,-3.19927788497211,-1.50447704825301,-2.38974653970902,-2.68857612051792,-2.56767620243551,-2.87090399599433,-3.43241592440897,-3.18245708966686,-2.19610779796674,-2.27498038758724,-3.11873670369437,-2.12176795201188,-1.98983165534066,-2.00483104243915,-2.04888301468666
152,2.89583114049169,2.89280739511851,3.41283265628381,2.91111104956819,2.66800905923148,2.98242003613075,3.32543151834001,3.35038166223678,3.93297251875749,2.50591403453962,2.71060360195846,2.50452784576457,4.26923774995615,2.21751071684324,3.78524802401638,2.66377402310275,3.86851346918639,3.80455173319183,3.23096534284802,3.00203347169343,2.47196578397583,3.81929005813441,3.38014001911856,2.85970216288916,3.26202844207299,3.17302267509962,3.107480999319
153,-1.94044063728896,-2.26822952216156,-2.03553854533573,-1.9497222767206,-1.50454221434789,-2.40063423202774,-2.36276214620464,-2.41970466718635,-2.24199511535449,-1.57817935959748,-1.12335430410048,-1.85672243145266,-3.02627818261792,-2.19873137527204,-2.00119032709174,-2.37016882145624,-2.40347817258857,-2.51696755998915,-1.98535982600456,-2.55120036431404,-2.12547012085642,-2.04987354335706,-2.04080706518626,-1.31919402704694,-2.44055210860383,-2.5366838006196,-2.14814573500158
154,-1.50786859843874,-0.555965414938992,-0.329387826637952,-0.908473134239927,-0.47832064482585,-0.940115977925957,0.0157368068286168,-0.810837770443493,-0.895846348584151,-1.1350461793863,-0.728728280906662,-0.365119371677285,-0.759565809618886,-0.704369095889851,-0.435439540075782,-1.00137769445874,-0.733564793120348,-0.531545539592494,-0.769854536739103,-0.447224089090732,-0.476161866316774,-1.59204552299954,-1.26471584055165,-0.325753973144799,-0.772379235476624,-1.56864548492889,0.930987547744923
155,-0.919268672663915,-0.489542814782483,-0.664887277068438,-0.850051459669703,-1.05710180018959,-0.500517644041953,-0.432222522610061,-0.731289381879438,-0.447633708771651,-1.07600639720723,-0.0445014163558639,-0.721538890982651,-1.52776216838989,-1.10001594916354,0.603374345178251,-0.459619234059426,-1.02903597118293,-0.583360541136981,-0.28038102988463,-0.172455163969057,-0.583609470183698,-1.14608492086149,-0.872030748997033,-0.723553175192449,-0.659997212027822,-1.35794200112946,-0.202831281101807
156,-1.23423686630954,0.294082883666128,-0.821524477769293,-0.334515680332633,-0.45014980633913,-0.990675504823757,-1.02138146024593,-0.209240301177734,-0.457977603135168,-0.244320961847644,-0.748490579342616,-0.544071240829395,-0.999659596051965,-0.114157335415999,-0.354210700558117,-0.90268018290315,-0.612136714091888,-0.708056219086153,-0.794863404374844,-0.631017886044351,-0.576315984182999,-1.0990147559869,-0.501511699215078,-0.0789072767962118,-1.10611939867427,-0.675903630933252,0.21474846653221
157,-1.18432332530729,-1.38279189971689,-0.725396463956453,-1.1630730301488,-1.09323548448376,-1.26916151895077,-0.99001207138287,-0.603481754006582,-0.949553552790261,-0.787957024933834,-1.12430352459681,-1.2843684615759,-0.910239833052482,-0.908102502189562,-1.11696748150968,-1.40604265242722,-0.837456212940339,-1.01233551470262,-0.423903332241493,-0.655474186713325,-1.33360431990486,-0.980024985159476,-1.48667884698055,-1.19557730552839,-1.02988826880019,-1.27480229141207,-1.03432062156207
158,-2.03650274941874,-2.33009967885364,-2.56925734503987,-2.1898960499385,-1.32807629159125,-2.36745341780052,-2.16212188583718,-1.61204320207054,-2.4116329094769,-1.93559993153831,-1.21208498579915,-1.5269219351401,-3.62101781129238,-2.33480616950845,-1.87219822555559,-2.3273659967578,-1.41438815759278,-2.67775826285687,-1.81577064751436,-2.19165381267916,-2.030144528801,-1.51926093831447,-2.60516172967943,-1.80701941368875,-2.26431391622365,-2.62373995013927,-2.25273085736645
159,-0.00618353600730082,0.226201991935834,0.68046425821803,0.498015919624815,0.231302008110966,0.522401428248736,0.0427448387602674,0.0808534727618726,-0.143816056299506,0.0858313919395917,1.04183801172152,0.2244477391328,-0.484651158213485,0.279877541478999,0.673091812298755,-0.276395678565252,0.583100372651641,0.0804613832838141,0.858729498620035,0.115651546670224,0.727794633767965,0.228570656926592,-0.959482122164812,0.683731076372251,0.227070857143181,-0.005504563934287,0.280358156566688
160,-0.340140843434612,0.115452153023451,-0.585852808607083,0.0108836245864685,0.222110773319648,-0.860978962328627,0.233408850083362,-0.837418836896794,0.234540575922562,-0.37132725025728,0.218021881700943,-0.245671147477643,-0.200747809431566,0.22129562898797,-0.811366228191073,-0.213379111920173,-0.425307729689273,-0.143520763098649,0.180253738567898,-0.0678176557689492,-0.359332875850408,-0.0207862326579793,0.0254084485709809,-0.352681245851248,-0.626828598402315,-0.314715280394526,-0.332016160635118
161,-0.156384639103387,-0.0693671682754449,0.434891313456345,-0.461339805068131,0.154132299123545,-0.658452378335286,-0.88353167216611,0.112571686334698,-0.212921830148071,-0.291297910830914,-0.117292056369839,-0.236454013829263,-0.461837179988534,-0.453514784741214,0.162838598626964,-0.21653216715521,0.155905359446725,-0.197171514755293,-0.154913131534384,-0.114152352802263,-0.021640354535112,-0.228244010630463,0.12718657540238,-0.609519605462207,-0.0723841926486708,-0.487880224076343,-0.165759243422579
162,-1.63794992021443,-1.52064716560621,-2.49114175572471,-2.69007476000798,-2.48323270954426,-1.71867786714114,-2.34076113487934,-2.75049225477616,-0.917161741395724,-2.21644726404334,-1.79659030825371,-1.79539929222904,-2.27877734117739,-1.88647867069884,-1.82733130772747,-2.59797812522449,-2.46456225047097,-1.83510504977421,-2.37913308251823,-1.97450837589435,-1.64128678973759,-2.31933332203985,-2.16071603524793,-2.02954758005334,-1.89215822432975,-2.00823473680839,-2.2647077452308
163,-3.00674672954006,-3.0347863267809,-2.66053772011913,-2.73326230514163,-2.69752241800509,-3.36146921452873,-3.30345341609172,-3.07171801878726,-3.17213157694121,-3.29895792414491,-2.72419031839354,-1.92501779311251,-3.40436071931751,-3.1648214237906,-3.36226765189528,-2.9404971560685,-3.27867931247443,-2.95209752945057,-3.12527227190455,-2.41188248533452,-2.75784842905278,-3.18485742367921,-3.25831778404149,-3.11458637406578,-3.74597875057064,-3.12894064743158,-2.26272747482955
164,-0.248124391143501,-0.200700573253661,0.814338539529935,0.298158237787701,-0.270379572586815,-0.987287997916455,0.648729067095738,-0.319665269377681,-0.599436258010305,-0.402763855065849,0.459345741212148,-0.232143534371735,0.175088349976312,-0.330248960518466,-0.437875367522149,-0.0897165404943046,-0.0606904531132075,0.165994172806546,-0.109241537737768,0.159992695018218,0.372184322952125,0.00670652583634546,-0.288501930050504,0.157431813869886,-0.702347772128515,-0.466059350550929,0.257267802667537
165,2.45219276304451,2.53150075456261,1.59371542201353,2.64571220403156,2.16867565906878,2.18138560163737,2.95481842653264,1.38175835920135,1.76519224066471,2.33713690904603,1.77988115399996,1.9312085543842,2.26933348873307,2.08437170046839,2.24661007545075,2.97038522082829,1.85635138153645,2.08986730965633,2.76440452545164,2.36607399858169,1.68991815096548,3.54643272620491,1.14051070658381,1.4404230151839,2.60789156411745,1.57269207849349,2.54665362921234
166,-0.372818780802487,0.97059582917601,0.176247802195202,1.2149619494374,0.650580372401878,-0.0281339818254134,0.507198231808251,-0.0275927205489701,0.87703921982513,-0.214536227357589,0.553020746972222,0.873054515730042,0.664380373044076,0.726205118839085,0.244644102775554,0.492519291640158,0.0523560870251485,0.357200759219277,0.491944687197137,0.618786908809611,0.342151140817847,1.01032231248396,0.711266372609571,-0.807675751201839,0.781908860005762,0.292399112846453,0.497692003040806
167,2.15225097140415,1.06387303102362,2.17779505422542,1.4901545634698,1.32178336461996,2.48552210619543,1.09636573216841,2.55213444035523,1.23197516758288,1.54127816616205,2.17864481152075,1.73588510155995,1.78614970576522,1.84621496718891,2.13166215654397,1.22123451831272,1.58722560248935,1.6932894436304,2.28954590705799,1.67414177744357,1.83383333866049,0.7901739962444,2.38026327521759,1.24238789366422,1.83770804444621,1.97110889225369,1.62828370420047
168,1.85459832296544,1.11730920007344,1.48301899106893,2.00658240709978,1.98992323342212,1.76965100188716,1.41794232578301,1.68562422243046,1.73675173275459,2.40631605725226,1.33266559355271,1.92945137630434,1.54768629717827,1.46144419787385,1.91307496311287,1.30520819345538,1.74990025007237,1.39715252718123,1.46697436661639,1.94150026821891,1.31325448286528,1.81074870069334,0.938193437317383,2.395932645148,2.03139408621401,1.35466333596542,1.67015369002027
169,-0.916178921708786,-0.761402581509707,-1.62225338952158,0.414179477820712,-0.62689495849901,-0.78442569211771,-0.14395347751997,-1.06763005874658,-0.972935481198206,-1.26732881204873,-0.270696026957175,-0.577984935715495,-0.783677507976638,-0.323860425648276,-1.26063004941619,-0.432806268165166,-0.851688936965006,-0.788171091593473,-0.179193700248258,-0.516052055367172,-0.761242220993504,-0.240178097036394,-1.4056379349075,-0.655786330857434,-0.801327562954569,-1.07384760148397,-0.838117731837706
170,0.767414107609505,0.058789653759515,0.253513748435628,0.724618449276638,0.10850867673498,0.619761804374533,0.478399725638099,0.243483113790933,0.510102260887429,-0.235300514560689,0.897346361964624,0.129695517396197,0.478148438730525,0.612276723839491,0.595852303725407,0.0413774006047953,0.697296341064575,0.509376203994647,0.513692683188931,0.23610553875748,-0.027897691645367,0.415815025428797,0.342086595304018,0.335938202537289,0.905739213629199,0.557556720719898,0.445688802926049
171,3.55206521145928,4.02322791482751,4.04445209641036,2.92671709478155,3.31458534152744,3.71152716230223,4.33410430710656,3.20303283309125,3.51002652558193,4.19045980396875,3.97003430083057,3.81856677830186,3.29357711820044,3.19444793035941,3.28540634142192,3.71731669961788,3.1669013731343,3.8776096021364,3.29936944365939,3.85298051089623,3.38300216964931,3.65776554221538,2.15030201752583,3.45854066635524,4.16443301844658,3.29357827103168,5.32143514698004
172,-1.44460212051347,-1.21429320025208,-0.973304994908737,-0.458219679600665,-1.23086465110158,-1.20965645047726,-1.17926604744051,-1.22367441792376,-1.18579646716323,-1.22993116733476,-1.04877824089803,-1.42948241982476,-1.07388508815084,-0.874455479326247,-1.15307663024736,-0.918703659088179,-1.47681886731886,-0.860102053617145,-1.01315800045559,-0.805622827995164,-1.05620244671219,-1.6386447718753,-1.22775461610618,-0.688160443733421,-1.29844826637263,-1.31836612465664,-0.998078989194766
173,2.47142633856322,1.73183935963414,2.47833783842977,3.20827042687671,3.91355870189284,2.96596336715026,1.67270679312773,1.2103020119634,1.57924553977403,2.87143655907389,1.60327697273291,2.36351719794286,2.21483711659528,2.54483724117938,2.7251198865854,2.77802159327034,1.58057096653083,2.55738580460137,3.49600133938384,2.13151546349655,3.2942438605112,2.32123425390734,1.73162750931552,2.52235357415442,2.3992026413362,1.40049198962289,1.95995022942497
174,3.29369741716594,2.44053028494009,3.01632882875862,3.61220795829443,2.34414897564208,2.59606406218746,1.71071953074626,2.30473149058972,2.8746888604982,3.70892100445829,2.80687719600157,2.27493332543844,1.7103934468512,1.84477526794368,3.08669398910907,1.80740330945511,3.46024864426593,3.53445744863278,3.09798133426118,1.82122174752715,3.12061463944689,3.09400212113685,2.92534399202135,1.9308713031794,2.75180264946263,2.66536410424208,2.65403367713049
175,1.28471146123737,1.07538659453818,0.311311677395716,1.05247994390102,0.62897411338052,0.678151978808478,0.648621323390493,0.432910114585732,1.08375430059975,1.01723839587386,0.854677936596461,0.720820452915512,1.03479612917327,0.0357701764260883,0.711129960169323,1.02261260072202,0.743308034291366,1.09553290944813,0.955391954654338,1.16240032084782,1.23832829526916,0.768739005412614,0.54789598059998,0.681791913016562,0.952943394625567,0.489794404052232,0.380287240057948
176,3.57892588632243,2.92242405214159,2.92637807303846,3.03017459443791,2.61817860387622,2.60844172052509,2.9592518740755,2.9119846590352,3.32842052791189,3.0024121048872,2.67663636336773,3.68874568617162,2.7719037965437,3.36010807968223,2.77983180882757,2.8128700860696,3.08801464691197,2.57476604906161,3.66113008865581,2.92693513881422,2.90986700724397,2.9964153944409,2.49787485570339,2.25768263817223,3.14772832608992,3.08454680293091,3.30954934348397
177,0.635401350299386,0.433732595470235,1.15455073084897,0.944735598561817,0.817461869576724,0.770330055869944,0.547065909211223,0.366081572894686,0.465142537804088,0.704191482024842,0.883963776264593,0.479018137805862,0.952361139827344,0.263407707711723,0.876941586954308,0.272398015000237,1.3704678252614,0.418606519923217,0.546955993741559,0.462024476488296,0.893166806462854,0.671411459883215,0.180750303721716,1.40229409778971,1.50273400560241,0.119906938610773,0.34528400932967
178,1.71438908392319,2.15538969099061,2.31440773030128,1.78002150280205,2.1698981944129,2.21950298711732,1.47330596961371,1.78266351153742,1.89057603600734,2.34420962334074,2.0726636147084,2.85613516939433,1.39504880309261,1.93764888246093,2.06865729112224,1.92063546430137,1.47084866040426,1.49423151181394,1.68293072219306,2.44527075154106,2.21063930139329,1.63319832450213,2.56178613485615,2.16628524465367,1.49514681368153,1.36497181465221,1.96435986675773
179,0.40696784683884,0.522155295310055,-0.279840695391671,0.667702379585776,0.0710422607662755,0.898370240877138,0.107708045009641,1.32930165262895,0.628280274236689,-0.158934980069557,0.64186511693027,0.763915951195916,0.344172013031056,-0.212779457108377,0.592343459478447,0.970690877077164,0.738649499357055,0.778087357770446,0.408280307424953,1.2563714532747,0.574153150818487,0.585940543454453,-0.202763402567814,0.462229180649919,0.444140742493058,0.556854253647985,0.247878781581328
180,1.05185546156904,-0.167680373636043,1.20340229249976,0.428935400965599,-0.0857014912748326,0.0249138534690117,0.544662752550343,-0.352404973170153,1.11392811176716,-0.376947659632158,0.148507140544084,0.586408991109286,0.705668758346013,0.0160945660650764,0.711717910894064,-0.199146118338774,1.27382271541035,0.931920571155756,0.324174568136977,0.299126879699972,1.00486016149777,-0.0812235663903227,0.236239429710424,0.958015729758142,0.337519544118363,0.256304949908725,0.487481844488651
181,5.56652294639795,4.96036324518931,3.80164188659324,5.02377079128628,4.0453887993825,4.46813351581,4.92875053271534,3.73160950218672,5.00534520699832,4.68736775820944,5.13659428349403,4.70753540850239,4.4150698377817,4.33000275924312,4.48363630780286,4.66705322593258,4.1609182935535,4.95876873603286,5.02328267108879,5.09275827045277,4.79729295436083,4.69422885828155,5.73352590839215,4.03296601212612,4.11643724666203,3.75109763802534,4.33059430821369
182,-1.56588358696626,-3.01868276137551,-1.76176732802842,-1.76709122804939,-1.44383198770779,-2.47075001541304,-2.39886657019835,-2.86194423397235,-1.76071716373123,-1.78374714896635,-2.00551593291366,-2.01090233236871,-2.49584062700638,-3.02107356139765,-1.51559593266287,-2.68580103595559,-1.85623755164565,-1.68778547611378,-1.51808002447936,-2.14682722162071,-2.57022803833202,-2.25363202367649,-1.57015973338764,-2.43303039822495,-2.32665288953382,-2.50625283726694,-1.85262898614205
183,0.923204396282054,1.95673591105964,1.87304220642905,1.64811570646468,1.87978954334437,0.834833093124441,1.89013288508588,0.946187517835694,1.66784051839784,1.56103259592587,1.48116916379016,1.29611457898905,1.40998230502731,1.06947043686347,1.74277453686625,1.86706926849598,1.23113154787731,1.83972634801978,1.14014724387784,1.57018824544373,0.728880216426753,3.04972946534099,1.8419931976926,0.884400994449707,1.10216360340778,1.19246393616331,2.0998904865315
184,-3.95332420710953,-3.94010187721001,-4.58111593956043,-5.14379053500387,-4.18945438875192,-3.85545593429556,-4.27285450279409,-3.9093033210201,-4.86908175705302,-4.67126406985165,-3.39215029948554,-4.42342096445628,-4.20965808517714,-4.39550518453394,-5.0131596301417,-3.67334327131004,-4.37382901408303,-4.463188517863,-4.37639791199174,-4.06547319458396,-4.13166784755268,-4.7435522636594,-4.57564980502012,-4.16085209347003,-3.82239678959749,-4.41052155188841,-4.39492282662872
185,4.51726655224849,3.90515309188663,3.8138089260534,4.24067693849629,4.68661605966358,4.36713568389742,4.46492855344386,4.08857288785772,4.33346800303249,4.02088451014676,4.55462194947803,4.93263442774555,3.57833238321706,4.19100529843401,3.69973226519525,4.74624003107791,4.24022971910012,4.46295995605225,3.77162592103172,3.95602905633847,4.48712481496256,3.82544044309885,3.90800958857939,5.36650558747306,3.84459891575844,4.51706752040533,4.69081622164614
186,-0.949560995834038,-1.66570434028096,-1.36820841951747,-1.55069441868734,-1.30903087593728,-1.46848264908003,-0.450894833268878,-1.4997535403964,-1.58486339753971,-1.32765233713101,-1.72422744100366,-1.87140299924401,-1.28362488235689,-1.15205957805521,-0.65810303466835,-1.60726243880373,-0.853091569946209,-1.30593440042364,-1.21479679320296,-1.21734661883593,-1.23011025747865,-1.95400871212058,-1.40724169020977,-1.39973038730609,-1.07368916169328,-1.06535475490416,-1.15200980478149
187,0.425899103154285,0.0771382140286399,-0.109020149345049,1.29737511626673,0.833678407845635,0.2337951463711,0.349649501899192,1.17573408533994,0.829088876763748,0.483534367845753,1.27287732605336,0.893331506915708,0.854167639515683,0.093624198121228,-0.17736869066292,0.213815771142853,0.737234360278546,0.742898763111363,0.776517220304586,0.814304535455542,0.681916508131118,0.82399978383332,0.336236944880407,1.09558163638215,0.42658489722182,0.0652727554218644,-0.0268627429739219
188,2.24954467594306,3.28021481642475,1.49567792229885,4.10185438062603,2.76634318831721,2.1656058549774,2.33071214880455,2.10284335437333,1.77786911178436,2.54852939583611,2.3866180902363,3.21604149815213,2.35680835895858,2.55310893001382,2.3525577038544,2.67466794687953,2.2605499476602,1.9331555555307,2.33080338933135,2.03253120276129,2.92690693653822,3.06686145940376,2.60340277541317,2.53542198830897,2.31293375675192,1.69791735763272,2.83964387113754
189,-0.829351685429034,-1.70416636133494,-1.18776628871068,-1.3803148997537,-2.00908721494964,-1.0601447450084,-1.04840081222642,-0.512344322323804,-1.22510698771536,-1.15636800115737,-1.38842960942789,-1.12581842067078,-0.527699320225676,-1.52315436303741,-1.18239777471726,-1.5606200457369,-1.38932494219295,-1.06683786715663,-1.16057381497635,-1.19875798419995,-1.29057450221364,-1.0346098308405,-1.17691388727448,-1.46778548807901,-1.13288711373072,-1.31902985600979,-1.13442003799765
190,0.739393357437751,0.544476849045939,0.376564430284454,0.993282614851862,0.356111459504171,-0.0818116879421558,-0.0762845865762225,0.516174892938611,1.12248101514702,-0.174672369728104,0.473335283598511,0.954193568250812,0.495764673857615,0.317464881749125,0.355504010217064,1.3977802929615,0.0763030023433826,0.580230730863449,0.189481172993903,0.695810214527516,0.519407452065115,0.487965788766669,0.28132537277291,0.400093278220586,0.876666247649423,0.4628296820833,0.537645914885535
191,0.742565884914874,-0.612464903168936,-0.252337930753762,-0.0410912480988186,0.0544190084993543,-0.063994880746395,0.191241975973853,0.0639882213117353,-0.0261001761434123,-0.307360817547528,0.656058493406526,0.270053884247737,-0.354358408618086,-0.00815178606542855,0.0114140696757943,-0.357542872001229,0.305612785065644,-0.168968502275835,1.12480303673088,0.403863798528331,-0.358919340474983,0.304900587297664,-0.189795555417,-0.437835727535996,-0.195178807774854,-0.471570511721916,-0.191244939344716
192,5.3005475969375,5.01122553843569,5.10690515641909,5.15082512630583,5.30039801659447,5.33815938266495,5.01989817685768,4.93009597759303,5.58657693569157,5.3650582105343,4.77879623645008,4.92371260489503,5.59884687095626,4.637380311222,5.26618509034376,5.60139248914455,5.32839760348901,5.20661725037017,5.75180992233125,5.24343416970595,4.56141614565363,5.56395012096739,5.16881908942115,4.92090169966362,5.99659971509194,4.39201226258278,4.97580711359398
193,-0.467263256516734,-0.217140318670256,-0.172818179749869,0.280830362723569,0.164127632931642,0.367458967882956,0.0400781176450593,-0.574760403322602,-0.444244270909384,-0.500084259678558,0.590148711984422,0.159106309843036,0.060476987787311,-0.421835024293054,-0.356989197589829,-0.58465385608264,-0.0878429861245467,0.0505268112270834,-0.168475253524137,-0.330774929681189,0.0288965838162687,-0.0813197794704879,-0.604396657526847,-0.011408947012967,-0.0381194658974833,0.0388683467958542,0.134819094538442
194,-1.15696442794961,-1.28772970497049,-0.076145595998276,-0.145575709462876,-0.247073709641566,-0.329596573283784,-0.213695769554602,-0.126286010127226,-0.428338836861664,-0.455456246687647,-0.773896086183298,-0.0744229665313814,-0.588199621823112,-0.419610432870135,-0.41027682834933,-0.610765125070112,-0.759733068535146,0.0299902437745887,-0.121868935034712,0.0123895662981308,-0.613280022145686,-0.190052167632483,-0.353490573820081,-0.859704244177596,-1.01186230341173,-0.750721144317869,-0.103566348875673
195,10.1132007684814,9.40550418208852,10.1333710165812,8.42419287573622,8.73562761007707,9.92325580504254,9.16885351745359,8.57379477545278,9.26858012685421,9.45019717663394,9.49572345080846,10.2580793469712,10.0526723110623,8.36221099915326,8.91820966242715,9.79429088762324,8.37440140577834,9.10355325353298,9.56470125423513,8.79446063930882,9.90133485371065,8.8926984741982,10.2505998754881,8.94460956538571,8.95754618930198,9.38945230434152,9.13710290262899
196,-1.10979596131409,-0.550710834641196,-0.395786861527363,0.400055943047272,-1.05017636988766,-0.974971783585784,-0.804485181916624,-1.09322042211134,-0.629998439000964,-0.536578016147707,-0.371042873064741,-0.195266942910835,-2.01040916565809,-1.09554989673844,0.237065087122776,0.103400568090729,-1.20354359299201,-1.02332175403086,-0.239282717833085,-0.909606566317771,-0.383123533342829,-0.286411977609962,-1.47740803044791,-0.714472914038757,-0.578055590100228,-1.20689012736612,-0.36757356545092
197,0.423226117592944,0.00304564719105205,-0.702928619156921,1.02095270530096,-0.455358236954268,-0.275838268363343,0.312973302616247,0.546806641835281,-0.66918715860997,0.240961962297104,0.115946810145794,-0.398319823550325,0.400472115825691,0.0270636785618694,-0.0654555852161396,-0.669792060094878,0.179089662498678,0.476738208900235,0.254574973454346,0.506598632767744,0.712197751515709,0.795434626052655,0.241700324089662,-0.669969883787783,0.0081693772199074,-1.23918349916982,-0.220277227573662
198,1.22728161094558,2.23393952298365,2.28831025163992,1.73041619360357,2.46833397539026,2.31544709945949,2.53941785062806,1.12190383859447,1.71076286290555,2.1820184023921,1.71870413552,2.16380207017497,1.93674418605164,1.40869917791118,1.7708543094545,1.87162433117804,2.21819718620676,2.26005223378227,2.07580126499171,1.33691765119082,2.31676243382048,2.32702845409339,2.07972200516136,1.31263841323516,1.74466817048111,2.12764355614896,2.32098519841074
199,0.661723704282231,-0.184297505495161,0.116133540394371,-0.713062418648168,-0.356586518654188,0.661019230876081,0.0759017298357225,-0.0734352008792776,0.051847317004853,0.805400019784365,-0.764560855782912,0.148500775246017,0.389030123193269,-0.328089845343056,-0.489124517255242,0.220724217683747,0.460258486934427,-0.206726734918675,1.11416147140992,0.0667813588448318,-0.218919882399159,0.073245946014711,-0.793148389754778,0.449023482108163,-0.282469872089266,-0.0662005347083943,-0.252251629621498
200,1.29008198815191,0.351200630902334,0.76446762612219,1.25220223818608,0.924951824913849,0.693967349755481,0.762854876083992,0.426286879893338,0.775337603862763,0.657633543096154,1.38789923744743,0.78956656465448,0.890791149723995,0.642818949850519,0.825865871510844,0.388496202210442,0.489408601220213,1.10355590916945,0.669825267779055,1.14972990204515,0.205091725241815,1.27581135193717,0.642831206666119,0.913094889361917,0.633272669190774,0.59604624392964,1.1173924930685
